accession	accession_base	organism	taxid	length_bp	n_ambiguous	ambiguous_fraction	strain	isolate	country	collection_date	host	isolation_source	definition	completeness_label	is_refseq	fasta_path	fasta_sha256	entrez_query	retrieval_date_utc
AB618031.1	AB618031	Human alphaherpesvirus 1 strain RH2	10298	149643	2932	0.0195933	RH2						Herpes simplex virus (type 1 /strain RH2) DNA, nearly complete genome	complete	False	data/raw/AB618031.1.fasta	bfafca395152f729c756d72478cc483746f52e9207f1f86a4e7bf31a33da5840	"txid10298[Organism:exp] AND 145000:160000[SLEN] AND biomol_genomic[PROP] AND ""complete genome""[Title] NOT patent[PROP]"	2026-09-07T21:56:25Z
BK012101.1	BK012101	Human alphaherpesvirus 1	10298	152222	0	0.0	17				Homo sapiens		TPA_asm: Human alphaherpesvirus 1 strain 17, complete genome	complete	False	data/raw/BK012101.1.fasta	1c6543537ad1a34cb199bd7273add0bd58633f1c780c18724b76f451ba649e44	"txid10298[Organism:exp] AND 145000:160000[SLEN] AND biomol_genomic[PROP] AND ""complete genome""[Title] NOT patent[PROP]"	2026-09-07T21:56:25Z
GU734771.1	GU734771	Human alphaherpesvirus 1	10298	152151	0	0.0	F						Human herpesvirus 1 strain F, complete genome	complete	False	data/raw/GU734771.1.fasta	b1ab532815e257399ffaff477fcd1fa76a0230157cac5e508f809b1d6b3bd042	"txid10298[Organism:exp] AND 145000:160000[SLEN] AND biomol_genomic[PROP] AND ""complete genome""[Title] NOT patent[PROP]"	2026-09-07T21:56:25Z
GU734772.1	GU734772	Human alphaherpesvirus 1	10298	152066	0	0.0	H129						Human herpesvirus 1 strain H129, complete genome	complete	False	data/raw/GU734772.1.fasta	51a5a38e6d05af3186f5464d1509706a5dd8922988b2460be783e0aef6585a38	"txid10298[Organism:exp] AND 145000:160000[SLEN] AND biomol_genomic[PROP] AND ""complete genome""[Title] NOT patent[PROP]"	2026-09-07T21:56:25Z
JN555585.1	JN555585	Human alphaherpesvirus 1	10298	152222	0	0.0	17		United Kingdom: Regional Virus Laboratory, Ruchill Hospital, Glasgow				Human herpesvirus 1 strain 17, complete genome	complete	False	data/raw/JN555585.1.fasta	724103d951034a2c60833e8b1ad2d9684e61d911c3e1e28ad04ee1be16201257	"txid10298[Organism:exp] AND 145000:160000[SLEN] AND biomol_genomic[PROP] AND ""complete genome""[Title] NOT patent[PROP]"	2026-09-07T21:56:25Z
JQ673480.1	JQ673480	Human alphaherpesvirus 1	10298	152011	0	0.0	KOS				Homo sapiens		Human herpesvirus 1 strain KOS, complete genome	complete	False	data/raw/JQ673480.1.fasta	bd7bd47473eedafaa2f4e3f3bb84908e57fdf9dc9c601a8014cd04168cccf87c	"txid10298[Organism:exp] AND 145000:160000[SLEN] AND biomol_genomic[PROP] AND ""complete genome""[Title] NOT patent[PROP]"	2026-09-07T21:56:25Z
JQ780693.1	JQ780693	Human alphaherpesvirus 1	10298	151024	0	0.0	KOS						Human herpesvirus 1 strain KOS, complete genome	complete	False	data/raw/JQ780693.1.fasta	b64a4f707fc0d4a4930989be05ba41e3c4e630fb8c41d7f6324c73cf2f427860	"txid10298[Organism:exp] AND 145000:160000[SLEN] AND biomol_genomic[PROP] AND ""complete genome""[Title] NOT patent[PROP]"	2026-09-07T21:56:25Z
KF498959.1	KF498959	Human alphaherpesvirus 1	10298	151255	0	0.0		RE	USA	1967	Homo sapiens		Human herpesvirus 1 isolate RE, complete genome	complete	False	data/raw/KF498959.1.fasta	46ce9fc62743aef2f0b796b1dccbad8c08a35540c5cb069fa19cfc90e7ec9dd7	"txid10298[Organism:exp] AND 145000:160000[SLEN] AND biomol_genomic[PROP] AND ""complete genome""[Title] NOT patent[PROP]"	2026-09-07T21:56:25Z
KJ847330.1	KJ847330	Human alphaherpesvirus 1	10298	151024	0	0.0		HSV-1/0116209/India/2011	India	2011	Homo sapiens	CSF from AES case	Human herpesvirus 1 isolate HSV-1/0116209/India/2011, complete genome	complete	False	data/raw/KJ847330.1.fasta	fa8eca40678407e8b277599cfa60bc6848256ca623ef4abf220671ba1d8a10bc	"txid10298[Organism:exp] AND 145000:160000[SLEN] AND biomol_genomic[PROP] AND ""complete genome""[Title] NOT patent[PROP]"	2026-09-07T21:56:25Z
KT887224.1	KT887224	Human alphaherpesvirus 1	10298	151794	0	0.0		KOS 1.1	USA	1964			Human alphaherpesvirus 1 isolate KOS 1.1, complete genome	complete	False	data/raw/KT887224.1.fasta	57facaeb59c6670bc06d9203a05ab9d55282ee755f644af9ede6056e7ae177dd	"txid10298[Organism:exp] AND 145000:160000[SLEN] AND biomol_genomic[PROP] AND ""complete genome""[Title] NOT patent[PROP]"	2026-09-07T21:56:25Z
KT899744.1	KT899744	Human alphaherpesvirus 1	10298	151974	0	0.0		KOS	USA	1964	Homo sapiens		Human alphaherpesvirus 1 isolate KOS, complete genome	complete	False	data/raw/KT899744.1.fasta	5c5bb2342210f9da440af025db46420cbd6c09c23b0708b58bb46ae350a921fd	"txid10298[Organism:exp] AND 145000:160000[SLEN] AND biomol_genomic[PROP] AND ""complete genome""[Title] NOT patent[PROP]"	2026-09-07T21:56:25Z
KX424525.1	KX424525	Human alphaherpesvirus 1	10298	152090	0	0.0		ZW6	China	2013	Homo sapiens		Human alphaherpesvirus 1 isolate ZW6, complete genome	complete	False	data/raw/KX424525.1.fasta	7e71071e7e76a0bf53e27d310171598855db4f7b6bdd54fb91ad09c96e592a6b	"txid10298[Organism:exp] AND 145000:160000[SLEN] AND biomol_genomic[PROP] AND ""complete genome""[Title] NOT patent[PROP]"	2026-09-07T21:56:25Z
KY922718.1	KY922718	Human alphaherpesvirus 1	10298	151636	21	0.00013849		HSV-R-13			Homo sapiens		Human alphaherpesvirus 1 isolate HSV-R-13, complete genome	complete	False	data/raw/KY922718.1.fasta	75bbaab970a07b7191cb352ffd7617c0e8a89b6ddcc946b4cfe1d5f87b69633e	"txid10298[Organism:exp] AND 145000:160000[SLEN] AND biomol_genomic[PROP] AND ""complete genome""[Title] NOT patent[PROP]"	2026-09-07T21:56:25Z
KY922719.1	KY922719	Human alphaherpesvirus 1	10298	151765	32	0.00021085		HSV-N-7			Homo sapiens		Human alphaherpesvirus 1 isolate HSV-N-7, complete genome	complete	False	data/raw/KY922719.1.fasta	d2163e804a59180e5a4c8b5285efbcd4c8759c26b1f4451146351d60495b708c	"txid10298[Organism:exp] AND 145000:160000[SLEN] AND biomol_genomic[PROP] AND ""complete genome""[Title] NOT patent[PROP]"	2026-09-07T21:56:25Z
LT594105.1	LT594105	Human alphaherpesvirus 1	10298	151217	1102	0.00728754		172/2010					Human herpesvirus 1 isolate 172_2010 genome assembly, complete genome: monopartite	complete	False	data/raw/LT594105.1.fasta	983769e34eaf4eada4d0aaffcf548b6782c1eab479492ca40936e37fe315dac7	"txid10298[Organism:exp] AND 145000:160000[SLEN] AND biomol_genomic[PROP] AND ""complete genome""[Title] NOT patent[PROP]"	2026-09-07T21:56:25Z
LT594106.1	LT594106	Human alphaherpesvirus 1	10298	150670	610	0.00404858		2158/2007					Human herpesvirus 1 isolate 2158_2007 genome assembly, complete genome: monopartite	complete	False	data/raw/LT594106.1.fasta	d76663463dad9147a00817d60aa58b298f84769b2e1a313bc8315c870de8d722	"txid10298[Organism:exp] AND 145000:160000[SLEN] AND biomol_genomic[PROP] AND ""complete genome""[Title] NOT patent[PROP]"	2026-09-07T21:56:25Z
LT594107.1	LT594107	Human alphaherpesvirus 1	10298	151283	2930	0.01936768		3083/2008					Human herpesvirus 1 isolate 3083_2008 genome assembly, complete genome: monopartite	complete	False	data/raw/LT594107.1.fasta	dfa23fa13c5263c59b3a915fe7079a4240779d574f33e3b14b97b7ed22d05a2f	"txid10298[Organism:exp] AND 145000:160000[SLEN] AND biomol_genomic[PROP] AND ""complete genome""[Title] NOT patent[PROP]"	2026-09-07T21:56:25Z
LT594108.1	LT594108	Human alphaherpesvirus 1	10298	151216	1437	0.00950296		1319/2005					Human herpesvirus 1 isolate 1319_2005 genome assembly, complete genome: monopartite	complete	False	data/raw/LT594108.1.fasta	d2f9e7d1c454707a00942d203d00823eaf587e664aa6086a4fc84ce639286fb8	"txid10298[Organism:exp] AND 145000:160000[SLEN] AND biomol_genomic[PROP] AND ""complete genome""[Title] NOT patent[PROP]"	2026-09-07T21:56:25Z
LT594109.1	LT594109	Human alphaherpesvirus 1	10298	150791	500	0.00331585		270/2007					Human herpesvirus 1 isolate 270_2007 genome assembly, complete genome: monopartite	complete	False	data/raw/LT594109.1.fasta	75489d6fa089c69a5657d95de8fbb9be60e9022c923c8a13a06c4db98d2fd8e7	"txid10298[Organism:exp] AND 145000:160000[SLEN] AND biomol_genomic[PROP] AND ""complete genome""[Title] NOT patent[PROP]"	2026-09-07T21:56:25Z
LT594110.1	LT594110	Human alphaherpesvirus 1	10298	150842	2422	0.01605654		66/2007					Human herpesvirus 1 isolate 66_2007 genome assembly, complete genome: monopartite	complete	False	data/raw/LT594110.1.fasta	1da717e0184941c94a3b3e8ea05b78bcb24631760b73a9d19fac088064be11eb	"txid10298[Organism:exp] AND 145000:160000[SLEN] AND biomol_genomic[PROP] AND ""complete genome""[Title] NOT patent[PROP]"	2026-09-07T21:56:25Z
LT594111.1	LT594111	Human alphaherpesvirus 1	10298	151304	5395	0.03565669		1394/2005					Human herpesvirus 1 isolate 1394_2005 genome assembly, complete genome: monopartite	complete	False	data/raw/LT594111.1.fasta	bb1a063775651b757b52f551c9a77ced54efc97580f88cb2602b8f5246aa8be5	"txid10298[Organism:exp] AND 145000:160000[SLEN] AND biomol_genomic[PROP] AND ""complete genome""[Title] NOT patent[PROP]"	2026-09-07T21:56:25Z
LT594112.1	LT594112	Human alphaherpesvirus 1	10298	150927	2022	0.01339721		369/2007					Human herpesvirus 1 isolate 369_2007 genome assembly, complete genome: monopartite	complete	False	data/raw/LT594112.1.fasta	5c85cdcbf39d0e21c63b01e32e8574ad8b73fc0263fe05abb5b7178577b172b2	"txid10298[Organism:exp] AND 145000:160000[SLEN] AND biomol_genomic[PROP] AND ""complete genome""[Title] NOT patent[PROP]"	2026-09-07T21:56:25Z
LT594192.1	LT594192	Human alphaherpesvirus 1	10298	150711	1335	0.00885801		160/1982					Human herpesvirus 1 isolate 160_1982 genome assembly, complete genome: monopartite	complete	False	data/raw/LT594192.1.fasta	7ca8619103fd55e13615dda15b4f80627cf4040be25930cab92fd72786758e51	"txid10298[Organism:exp] AND 145000:160000[SLEN] AND biomol_genomic[PROP] AND ""complete genome""[Title] NOT patent[PROP]"	2026-09-07T21:56:25Z
LT594457.1	LT594457	Human alphaherpesvirus 1	10298	150378	505	0.0033582		132/1998					Human herpesvirus 1 isolate 132_1998 genome assembly, complete genome: monopartite	complete	False	data/raw/LT594457.1.fasta	5729c152372a1ac22a117cde626c3ea7f8b0d5024a6d7e7e779088dff7507882	"txid10298[Organism:exp] AND 145000:160000[SLEN] AND biomol_genomic[PROP] AND ""complete genome""[Title] NOT patent[PROP]"	2026-09-07T21:56:25Z
MF156584.1	MF156584	Human alphaherpesvirus 1	10298	149586	0	0.0		K(delta)25/26			Homo sapiens		Human alphaherpesvirus 1 isolate K(delta)25/26, complete genome	complete	False	data/raw/MF156584.1.fasta	6383aa29af3a3361778f56681134b01fb7e1909069078d1bbb77b0fd84e6ffb4	"txid10298[Organism:exp] AND 145000:160000[SLEN] AND biomol_genomic[PROP] AND ""complete genome""[Title] NOT patent[PROP]"	2026-09-07T21:56:25Z
MH102298.1	MH102298	Human alphaherpesvirus 1	10298	151108	1583	0.01047595	HSV-v29_site16_day1						Human alphaherpesvirus 1 strain HSV-v29_site16_day1, complete genome	complete	False	data/raw/MH102298.1.fasta	206f059948e62fbced5c968fa29945a0c6f2c0c129966c9aa8bc1802fd162c6e	"txid10298[Organism:exp] AND 145000:160000[SLEN] AND biomol_genomic[PROP] AND ""complete genome""[Title] NOT patent[PROP]"	2026-09-07T21:56:25Z
MH319852.1	MH319852	Human alphaherpesvirus 1	10298	147898	0	0.0	NIV1613762		India	Aug-2016	Homo sapiens		Human alphaherpesvirus 1 strain NIV1613762, complete genome	complete	False	data/raw/MH319852.1.fasta	d93541d9742ab4d01707e34dab3e08cbea9587b40f2172a1ac3f000fa6da3abe	"txid10298[Organism:exp] AND 145000:160000[SLEN] AND biomol_genomic[PROP] AND ""complete genome""[Title] NOT patent[PROP]"	2026-09-07T21:56:25Z
MH999839.1	MH999839	Human alphaherpesvirus 1	10298	151610	0	0.0	K86				Homo sapiens		Human alphaherpesvirus 1 strain K86, complete genome	complete	False	data/raw/MH999839.1.fasta	81cb4880b6113a90c8332fd5915099e8e1dbad01197d17d3ddea35edca50c52a	"txid10298[Organism:exp] AND 145000:160000[SLEN] AND biomol_genomic[PROP] AND ""complete genome""[Title] NOT patent[PROP]"	2026-09-07T21:56:25Z
MH999840.1	MH999840	Human alphaherpesvirus 1	10298	151249	0	0.0	Ty25				Homo sapiens		Human alphaherpesvirus 1 strain Ty25, complete genome	complete	False	data/raw/MH999840.1.fasta	4b3c69bc4f0c5247111c55d4ac1e112a93339a3babccea0745647dbd74f5f162	"txid10298[Organism:exp] AND 145000:160000[SLEN] AND biomol_genomic[PROP] AND ""complete genome""[Title] NOT patent[PROP]"	2026-09-07T21:56:25Z
MH999841.1	MH999841	Human alphaherpesvirus 1	10298	153234	1	6.53e-06	Ty148				Homo sapiens		Human alphaherpesvirus 1 strain Ty148, complete genome	complete	False	data/raw/MH999841.1.fasta	b9a7a1abce0ebd8a15639e92850f6beb6e4049faaa57744793f84101593776f5	"txid10298[Organism:exp] AND 145000:160000[SLEN] AND biomol_genomic[PROP] AND ""complete genome""[Title] NOT patent[PROP]"	2026-09-07T21:56:25Z
MH999842.1	MH999842	Human alphaherpesvirus 1	10298	152599	4	2.621e-05	HSV-H12113				Homo sapiens		Human alphaherpesvirus 1 strain HSV-H12113, complete genome	complete	False	data/raw/MH999842.1.fasta	34365fc1d5d68ba2d9908365ee515d5c10f690edeec90a1969302f4bdaaaabb6	"txid10298[Organism:exp] AND 145000:160000[SLEN] AND biomol_genomic[PROP] AND ""complete genome""[Title] NOT patent[PROP]"	2026-09-07T21:56:25Z
MH999844.1	MH999844	Human alphaherpesvirus 1	10298	151678	4	2.637e-05	HSV-H12114				Homo sapiens		Human alphaherpesvirus 1 strain HSV-H12114, complete genome	complete	False	data/raw/MH999844.1.fasta	8b8a8cdf0165122186a4dd085668a46ee48c2b9c1c7884434964b4f0dc1c88a2	"txid10298[Organism:exp] AND 145000:160000[SLEN] AND biomol_genomic[PROP] AND ""complete genome""[Title] NOT patent[PROP]"	2026-09-07T21:56:25Z
MH999845.1	MH999845	Human alphaherpesvirus 1	10298	156077	58	0.00037161	HSV-H12117				Homo sapiens		Human alphaherpesvirus 1 strain HSV-H12117, complete genome	complete	False	data/raw/MH999845.1.fasta	7390b83741468a084566664b0a486a5fe31bc08c1992d5c4ced4b74ddf447721	"txid10298[Organism:exp] AND 145000:160000[SLEN] AND biomol_genomic[PROP] AND ""complete genome""[Title] NOT patent[PROP]"	2026-09-07T21:56:25Z
MH999846.1	MH999846	Human alphaherpesvirus 1	10298	151140	5	3.308e-05	HSV-H1215				Homo sapiens		Human alphaherpesvirus 1 strain HSV-H1215, complete genome	complete	False	data/raw/MH999846.1.fasta	9ada1534a545a6c7f15cdf889dbcf429e9d90cfba1ba14f7cc5ec322273a5351	"txid10298[Organism:exp] AND 145000:160000[SLEN] AND biomol_genomic[PROP] AND ""complete genome""[Title] NOT patent[PROP]"	2026-09-07T21:56:25Z
MH999847.1	MH999847	Human alphaherpesvirus 1	10298	151809	1	6.59e-06	HSV-H12118				Homo sapiens		Human alphaherpesvirus 1 strain HSV-H12118, complete genome	complete	False	data/raw/MH999847.1.fasta	acb6cf02bde55566b8f9c41b5b31e39cc9637ea26a538f46cb6d62eae4c5ea23	"txid10298[Organism:exp] AND 145000:160000[SLEN] AND biomol_genomic[PROP] AND ""complete genome""[Title] NOT patent[PROP]"	2026-09-07T21:56:25Z
MH999848.1	MH999848	Human alphaherpesvirus 1	10298	151461	9	5.942e-05	HSV-H1311				Homo sapiens		Human alphaherpesvirus 1 strain HSV-H1311, complete genome	complete	False	data/raw/MH999848.1.fasta	50c024f7cc7a43f67391debe64dd5599b866a772b3fcff20b79c0347c7a7ebdc	"txid10298[Organism:exp] AND 145000:160000[SLEN] AND biomol_genomic[PROP] AND ""complete genome""[Title] NOT patent[PROP]"	2026-09-07T21:56:25Z
MH999849.1	MH999849	Human alphaherpesvirus 1	10298	155011	4	2.58e-05	HSV-H1312				Homo sapiens		Human alphaherpesvirus 1 strain HSV-H1312, complete genome	complete	False	data/raw/MH999849.1.fasta	b2df1f725d8ea148a7ac4c4675ab70aaf765daac42d2b765b595b499b2e59aba	"txid10298[Organism:exp] AND 145000:160000[SLEN] AND biomol_genomic[PROP] AND ""complete genome""[Title] NOT patent[PROP]"	2026-09-07T21:56:25Z
MH999850.1	MH999850	Human alphaherpesvirus 1	10298	155156	1	6.45e-06	HSV-H15119				Homo sapiens		Human alphaherpesvirus 1 strain HSV-H15119, complete genome	complete	False	data/raw/MH999850.1.fasta	75f121961954d6ca1c9c1809b2cc1addd0218d999f36ef69f9c39e048d9005a8	"txid10298[Organism:exp] AND 145000:160000[SLEN] AND biomol_genomic[PROP] AND ""complete genome""[Title] NOT patent[PROP]"	2026-09-07T21:56:25Z
MH999851.1	MH999851	Human alphaherpesvirus 1	10298	152094	4	2.63e-05	HSV-H1412				Homo sapiens		Human alphaherpesvirus 1 strain HSV-H1412, complete genome	complete	False	data/raw/MH999851.1.fasta	cdd708fcaabb2398d7dc16d3a892dccebbbf353874a0a1bcdaf39c0a69ed5f63	"txid10298[Organism:exp] AND 145000:160000[SLEN] AND biomol_genomic[PROP] AND ""complete genome""[Title] NOT patent[PROP]"	2026-09-07T21:56:25Z
MN136523.1	MN136523	Human alphaherpesvirus 1	10298	152476	0	0.0	MacIntyre		USA	1951	Homo sapiens		Human alphaherpesvirus 1 strain MacIntyre, complete genome	complete	False	data/raw/MN136523.1.fasta	6a895be92c040be81ca2443419f8dbc633b7b5a2ed9119547865c8a4ea5de721	"txid10298[Organism:exp] AND 145000:160000[SLEN] AND biomol_genomic[PROP] AND ""complete genome""[Title] NOT patent[PROP]"	2026-09-07T21:56:25Z
MN136524.1	MN136524	Human alphaherpesvirus 1	10298	152361	0	0.0	McKrae		USA	1965	Homo sapiens		Human alphaherpesvirus 1 strain McKrae, complete genome	complete	False	data/raw/MN136524.1.fasta	19302d5f0546a2156e270ab6d757363ecc2e22ebcd25302c41394bc7bf6510c4	"txid10298[Organism:exp] AND 145000:160000[SLEN] AND biomol_genomic[PROP] AND ""complete genome""[Title] NOT patent[PROP]"	2026-09-07T21:56:25Z
MN159377.1	MN159377	Human alphaherpesvirus 1	10298	152245	78	0.00051233		s17pp3					Human alphaherpesvirus 1 isolate s17pp3, complete genome	complete	False	data/raw/MN159377.1.fasta	90117ca0232ba8168b1a64ac61416707ba081b517a4c108dcdf50083f07f1a3c	"txid10298[Organism:exp] AND 145000:160000[SLEN] AND biomol_genomic[PROP] AND ""complete genome""[Title] NOT patent[PROP]"	2026-09-07T21:56:25Z
MN159378.1	MN159378	Human alphaherpesvirus 1	10298	152288	101	0.00066322		s17pp4					Human alphaherpesvirus 1 isolate s17pp4, complete genome	complete	False	data/raw/MN159378.1.fasta	757ca60073495e6a75e5c48c88b94d0deae9b11702b14a2050cb5268079f7fda	"txid10298[Organism:exp] AND 145000:160000[SLEN] AND biomol_genomic[PROP] AND ""complete genome""[Title] NOT patent[PROP]"	2026-09-07T21:56:25Z
MN159379.1	MN159379	Human alphaherpesvirus 1	10298	152244	64	0.00042038		s17pp5					Human alphaherpesvirus 1 isolate s17pp5, complete genome	complete	False	data/raw/MN159379.1.fasta	5cf9bf9660344eaf0304e930e6e8e5bfa81b3d0628e35a84c81f664574a54133	"txid10298[Organism:exp] AND 145000:160000[SLEN] AND biomol_genomic[PROP] AND ""complete genome""[Title] NOT patent[PROP]"	2026-09-07T21:56:25Z
MN159383.1	MN159383	Human alphaherpesvirus 1	10298	151223	0	0.0		Sc16					Human alphaherpesvirus 1 isolate Sc16, complete genome	complete	False	data/raw/MN159383.1.fasta	84626e89c525fecbea6230c4f57e97f95778c467c16768f61842aaf797e690f7	"txid10298[Organism:exp] AND 145000:160000[SLEN] AND biomol_genomic[PROP] AND ""complete genome""[Title] NOT patent[PROP]"	2026-09-07T21:56:25Z
MN925871.1	MN925871	Human alphaherpesvirus 1	10298	150853	61	0.00040437	Sample4_DOCK8		USA	2015	Homo sapiens		UNVERIFIED: Human alphaherpesvirus 1 strain Sample4_DOCK8, complete genome	complete	False	data/raw/MN925871.1.fasta	f1655f302adcc9466dc113c72a61a727143ad0ab7b247b041a65dc2aeb681b29	"txid10298[Organism:exp] AND 145000:160000[SLEN] AND biomol_genomic[PROP] AND ""complete genome""[Title] NOT patent[PROP]"	2026-09-07T21:56:25Z
NC_001806.2	NC_001806	Human alphaherpesvirus 1	10298	152222	0	0.0	17		United Kingdom: Regional Virus Laboratory, Ruchill Hospital, Glasgow				Human herpesvirus 1 strain 17, complete genome	complete	True	data/raw/NC_001806.2.fasta	98f129269f27f763f846b889be1d046bdcdb278b3e0a796eddcacd3997c10313	"txid10298[Organism:exp] AND 145000:160000[SLEN] AND biomol_genomic[PROP] AND ""complete genome""[Title] NOT patent[PROP]"	2026-09-07T21:56:25Z
ON007132.1	ON007132	Human alphaherpesvirus 1	10298	150395	4	2.66e-05	v40_unk_gen						Human alphaherpesvirus 1 strain v40_unk_gen, complete genome	complete	False	data/raw/ON007132.1.fasta	2e09e818ad8b3caa60240f1ba1d4e6daa336c00e6322452a055010638a38a3e5	"txid10298[Organism:exp] AND 145000:160000[SLEN] AND biomol_genomic[PROP] AND ""complete genome""[Title] NOT patent[PROP]"	2026-09-07T21:56:25Z
ON007136.1	ON007136	Human alphaherpesvirus 1	10298	150082	33	0.00021988	v48_d101_oral						Human alphaherpesvirus 1 strain v48_d101_oral, complete genome	complete	False	data/raw/ON007136.1.fasta	9d0965604329b7100ffaa686b232c97b867f63ec67e435e9c70ddf46569c84f8	"txid10298[Organism:exp] AND 145000:160000[SLEN] AND biomol_genomic[PROP] AND ""complete genome""[Title] NOT patent[PROP]"	2026-09-07T21:56:25Z
ON007142.1	ON007142	Human alphaherpesvirus 1	10298	150302	8	5.323e-05	v49_d257_gen_les						Human alphaherpesvirus 1 strain v49_d257_gen_les, complete genome	complete	False	data/raw/ON007142.1.fasta	6fdcbf53c594ea8cfcda47499b9cffae026f651f7ed6230c92b7ff2a20d86abe	"txid10298[Organism:exp] AND 145000:160000[SLEN] AND biomol_genomic[PROP] AND ""complete genome""[Title] NOT patent[PROP]"	2026-09-07T21:56:25Z
ON007143.1	ON007143	Human alphaherpesvirus 1	10298	150444	8	5.318e-05	v46_d349_gen_les2						Human alphaherpesvirus 1 strain v46_d349_gen_les2, complete genome	complete	False	data/raw/ON007143.1.fasta	f07c6113d5a0daa88fda90549b31cbc4e8ddc7b010ba9b507258f272b823ab56	"txid10298[Organism:exp] AND 145000:160000[SLEN] AND biomol_genomic[PROP] AND ""complete genome""[Title] NOT patent[PROP]"	2026-09-07T21:56:25Z
ON007144.1	ON007144	Human alphaherpesvirus 1	10298	150347	100	0.00066513	v46_d345_gen						Human alphaherpesvirus 1 strain v46_d345_gen, complete genome	complete	False	data/raw/ON007144.1.fasta	ceca7e5578f1f36ea522bdd52d86e2a92ed128b7d565915db95f374ed10cdc3a	"txid10298[Organism:exp] AND 145000:160000[SLEN] AND biomol_genomic[PROP] AND ""complete genome""[Title] NOT patent[PROP]"	2026-09-07T21:56:25Z
ON007145.1	ON007145	Human alphaherpesvirus 1	10298	150361	24	0.00015962	v45_d4_gen_les						Human alphaherpesvirus 1 strain v45_d4_gen_les, complete genome	complete	False	data/raw/ON007145.1.fasta	171693957a2c9458b32ad327f741191f74d3aab8d0a34caadbe74db5b1dff1a3	"txid10298[Organism:exp] AND 145000:160000[SLEN] AND biomol_genomic[PROP] AND ""complete genome""[Title] NOT patent[PROP]"	2026-09-07T21:56:25Z
ON007149.1	ON007149	Human alphaherpesvirus 1	10298	150503	37	0.00024584	v49_d349_gen_les						Human alphaherpesvirus 1 strain v49_d349_gen_les, complete genome	complete	False	data/raw/ON007149.1.fasta	fda78d1910f67dd8b6550040da6874640f6dfa33e7674374a19b030924358c41	"txid10298[Organism:exp] AND 145000:160000[SLEN] AND biomol_genomic[PROP] AND ""complete genome""[Title] NOT patent[PROP]"	2026-09-07T21:56:25Z
ON007151.1	ON007151	Human alphaherpesvirus 1	10298	150819	8	5.304e-05	v46_d349_gen_les3						Human alphaherpesvirus 1 strain v46_d349_gen_les3, complete genome	complete	False	data/raw/ON007151.1.fasta	4102b8d6a9a7280b3835ddc8921a6ac8654f5873631d8ba4a33f10e904d02c80	"txid10298[Organism:exp] AND 145000:160000[SLEN] AND biomol_genomic[PROP] AND ""complete genome""[Title] NOT patent[PROP]"	2026-09-07T21:56:25Z
ON007154.1	ON007154	Human alphaherpesvirus 1	10298	151325	61	0.00040311	v40_y14_oral2						Human alphaherpesvirus 1 strain v40_y14_oral2, complete genome	complete	False	data/raw/ON007154.1.fasta	eccbe149c4a656a744cd5dbf7ffe0e6943c38eabca42b66fd06e63766916e35a	"txid10298[Organism:exp] AND 145000:160000[SLEN] AND biomol_genomic[PROP] AND ""complete genome""[Title] NOT patent[PROP]"	2026-09-07T21:56:25Z
ON007158.1	ON007158	Human alphaherpesvirus 1	10298	150373	10	6.65e-05	v46_d349_gen_les1						Human alphaherpesvirus 1 strain v46_d349_gen_les1, complete genome	complete	False	data/raw/ON007158.1.fasta	e4389c3382c87ba4a6d539995c44725caa34a2035020efa51d11b766a0c6d936	"txid10298[Organism:exp] AND 145000:160000[SLEN] AND biomol_genomic[PROP] AND ""complete genome""[Title] NOT patent[PROP]"	2026-09-07T21:56:25Z
ON152715.1	ON152715	Human alphaherpesvirus 1	10298	151508	6	3.96e-05	astronaunt_in_orbit_rash_HSV_1						Human alphaherpesvirus 1 strain astronaunt_in_orbit_rash_HSV_1, complete genome	complete	False	data/raw/ON152715.1.fasta	78b2a48fc2c8f49b6999845e91697b8b2ebe900c5aa05a3fd6425d72671f3064	"txid10298[Organism:exp] AND 145000:160000[SLEN] AND biomol_genomic[PROP] AND ""complete genome""[Title] NOT patent[PROP]"	2026-09-07T21:56:25Z
ON152716.1	ON152716	Human alphaherpesvirus 1	10298	151060	8	5.296e-05	astronaunt_post_orbit_saliva_HSV_1						Human alphaherpesvirus 1 strain astronaunt_post_orbit_saliva_HSV_1, complete genome	complete	False	data/raw/ON152716.1.fasta	a5da111a49e125d88e3f3db9c633c4409b61fdb0d42df037fc7cd69eb5e82bb4	"txid10298[Organism:exp] AND 145000:160000[SLEN] AND biomol_genomic[PROP] AND ""complete genome""[Title] NOT patent[PROP]"	2026-09-07T21:56:25Z
ON513441.1	ON513441	Human alphaherpesvirus 1	10298	152089	0	0.0		NIVD4	China	19-Sep-2017	Homo sapiens	throat	Human alphaherpesvirus 1 isolate NIVD4, complete genome	complete	False	data/raw/ON513441.1.fasta	d4e7cb74b02a2183380523356509097fe1e48241d615c7019557b89f1435bb07	"txid10298[Organism:exp] AND 145000:160000[SLEN] AND biomol_genomic[PROP] AND ""complete genome""[Title] NOT patent[PROP]"	2026-09-07T21:56:25Z
ON783214.1	ON783214	Human alphaherpesvirus 1	10298	152108	0	0.0	B^3x1.1A		USA	01-Jan-2015	Chlorocebus sabaeus		UNVERIFIED: Human alphaherpesvirus 1 strain B^3x1.1A, complete genome	complete	False	data/raw/ON783214.1.fasta	ef1bd93e39324109699fde613aa6bdba5b301e3fedffa5da67aaff9c7c0dca0a	"txid10298[Organism:exp] AND 145000:160000[SLEN] AND biomol_genomic[PROP] AND ""complete genome""[Title] NOT patent[PROP]"	2026-09-07T21:56:25Z
ON783215.1	ON783215	Human alphaherpesvirus 1	10298	153542	0	0.0	B^3x1.1B		USA	01-Jan-2015	Chlorocebus sabaeus		UNVERIFIED: Human alphaherpesvirus 1 strain B^3x1.1B, complete genome	complete	False	data/raw/ON783215.1.fasta	58b200a391f38d70fed7632277a152b467f4f1c9e8cbdd065f6f15a38654351d	"txid10298[Organism:exp] AND 145000:160000[SLEN] AND biomol_genomic[PROP] AND ""complete genome""[Title] NOT patent[PROP]"	2026-09-07T21:56:25Z
ON783216.1	ON783216	Human alphaherpesvirus 1	10298	151352	0	0.0	B^3x1.1C		USA	01-Jan-2015	Chlorocebus sabaeus		UNVERIFIED: Human alphaherpesvirus 1 strain B^3x1.1C, complete genome	complete	False	data/raw/ON783216.1.fasta	5b79376d99f5091fcc42c3b5d1f03af48861fbec4f136f00e961afd03070f4f9	"txid10298[Organism:exp] AND 145000:160000[SLEN] AND biomol_genomic[PROP] AND ""complete genome""[Title] NOT patent[PROP]"	2026-09-07T21:56:25Z
ON783217.1	ON783217	Human alphaherpesvirus 1	10298	154773	0	0.0	B^3x1.1D		USA	01-Jan-2015	Chlorocebus sabaeus		UNVERIFIED: Human alphaherpesvirus 1 strain B^3x1.1D, complete genome	complete	False	data/raw/ON783217.1.fasta	0d05c24fc8808c9bff51ba599be40da16c526ad25a23e3561248198b6f6a485b	"txid10298[Organism:exp] AND 145000:160000[SLEN] AND biomol_genomic[PROP] AND ""complete genome""[Title] NOT patent[PROP]"	2026-09-07T21:56:25Z
ON960054.1	ON960054	Human alphaherpesvirus 1	10298	150283	8	5.323e-05	HSV1-San-Francisco-USA-1982-H193-CSF		USA	1982	Homo sapiens		Human alphaherpesvirus 1 strain HSV1-San-Francisco-USA-1982-H193-CSF, complete genome	complete	False	data/raw/ON960054.1.fasta	bbe983c044353edf7fdeea93b4e30e8320780216d4d1391c5b2293a4e01b87c2	"txid10298[Organism:exp] AND 145000:160000[SLEN] AND biomol_genomic[PROP] AND ""complete genome""[Title] NOT patent[PROP]"	2026-09-07T21:56:25Z
ON960055.1	ON960055	Human alphaherpesvirus 1	10298	152645	8	5.241e-05	HSV1-San-Francisco-USA-1982-H193-BB		USA	1982	Homo sapiens		Human alphaherpesvirus 1 strain HSV1-San-Francisco-USA-1982-H193-BB, complete genome	complete	False	data/raw/ON960055.1.fasta	8040604ff8badc3b7b6864da56e4d59387b44e8725b9312bbeb2d184389301f5	"txid10298[Organism:exp] AND 145000:160000[SLEN] AND biomol_genomic[PROP] AND ""complete genome""[Title] NOT patent[PROP]"	2026-09-07T21:56:25Z
ON960056.1	ON960056	Human alphaherpesvirus 1	10298	152443	2358	0.01546808	HSV1-San-Francisco-USA-1980-EKN		USA	1980	Homo sapiens		Human alphaherpesvirus 1 strain HSV1-San-Francisco-USA-1980-EKN, complete genome	complete	False	data/raw/ON960056.1.fasta	49a634eb70b94413312165af361b25cbdd43e16bb94b90aed69dbeee8b66dd05	"txid10298[Organism:exp] AND 145000:160000[SLEN] AND biomol_genomic[PROP] AND ""complete genome""[Title] NOT patent[PROP]"	2026-09-07T21:56:25Z
ON960057.1	ON960057	Human alphaherpesvirus 1	10298	151117	3	1.985e-05	HSV1-San-Francisco-USA-1979-DAB1		USA	1979	Homo sapiens		Human alphaherpesvirus 1 strain HSV1-San-Francisco-USA-1979-DAB1, complete genome	complete	False	data/raw/ON960057.1.fasta	54af8e7a05fcf2b76816fdfef24b790d9e05ebcd265a77fc551dfd7de8f20060	"txid10298[Organism:exp] AND 145000:160000[SLEN] AND biomol_genomic[PROP] AND ""complete genome""[Title] NOT patent[PROP]"	2026-09-07T21:56:25Z
ON960058.1	ON960058	Human alphaherpesvirus 1	10298	151430	3280	0.02166017	HSV1-San-Francisco-USA-1979-H144		USA	1979	Homo sapiens		Human alphaherpesvirus 1 strain HSV1-San-Francisco-USA-1979-H144, complete genome	complete	False	data/raw/ON960058.1.fasta	bd2d6a1c745a330298a96fc2f6cf5d13fd5e6488504b43de471c2432fedb944b	"txid10298[Organism:exp] AND 145000:160000[SLEN] AND biomol_genomic[PROP] AND ""complete genome""[Title] NOT patent[PROP]"	2026-09-07T21:56:25Z
ON960059.1	ON960059	Human alphaherpesvirus 1	10298	150357	4	2.66e-05	HSV1-San-Francisco-USA-1974-HTZ		USA	1974	Homo sapiens		Human alphaherpesvirus 1 strain HSV1-San-Francisco-USA-1974-HTZ, complete genome	complete	False	data/raw/ON960059.1.fasta	f5f4413d429c53b128ef18af160f7f4b4b38f85e5bc83cf7ac85a3aa310e4a7d	"txid10298[Organism:exp] AND 145000:160000[SLEN] AND biomol_genomic[PROP] AND ""complete genome""[Title] NOT patent[PROP]"	2026-09-07T21:56:25Z
ON960060.1	ON960060	Human alphaherpesvirus 1	10298	152428	6083	0.03990737	HSV1-San-Francisco-USA-1967-RE		USA	1967	Homo sapiens		Human alphaherpesvirus 1 strain HSV1-San-Francisco-USA-1967-RE, complete genome	complete	False	data/raw/ON960060.1.fasta	758d534e438b54d1d7cf97260e99aa4882c8e0097a4b49ed71bed65524d0192d	"txid10298[Organism:exp] AND 145000:160000[SLEN] AND biomol_genomic[PROP] AND ""complete genome""[Title] NOT patent[PROP]"	2026-09-07T21:56:25Z
ON960061.1	ON960061	Human alphaherpesvirus 1	10298	151177	4	2.646e-05	HSV1-Atlanta-USA-1965-E377		USA	1965	Homo sapiens		Human alphaherpesvirus 1 strain HSV1-Atlanta-USA-1965-E377, complete genome	complete	False	data/raw/ON960061.1.fasta	d76a055c29d2278a38f9ddec1fc7cd5f5d04693896d4d61ea2c57f0425b23482	"txid10298[Organism:exp] AND 145000:160000[SLEN] AND biomol_genomic[PROP] AND ""complete genome""[Title] NOT patent[PROP]"	2026-09-07T21:56:25Z
OP297860.1	OP297860	Human alphaherpesvirus 1	10298	152526	18	0.00011801	HSV1-v60_d3_cu_gen_les				Homo sapiens		Human alphaherpesvirus 1 strain HSV1-v60_d3_cu_gen_les, complete genome	complete	False	data/raw/OP297860.1.fasta	86de403fb63abae33251fab6878d53b0f4b83a3cce68f5c5c03d3aee49d2dc5c	"txid10298[Organism:exp] AND 145000:160000[SLEN] AND biomol_genomic[PROP] AND ""complete genome""[Title] NOT patent[PROP]"	2026-09-07T21:56:25Z
OP297861.1	OP297861	Human alphaherpesvirus 1	10298	149598	7	4.679e-05	HSV1-v70_d1_cu_gen_les				Homo sapiens		Human alphaherpesvirus 1 strain HSV1-v70_d1_cu_gen_les, complete genome	complete	False	data/raw/OP297861.1.fasta	93ec81e15a71992fe375522a9ed49c0bedf8355958937a413b5edbcfee9d0117	"txid10298[Organism:exp] AND 145000:160000[SLEN] AND biomol_genomic[PROP] AND ""complete genome""[Title] NOT patent[PROP]"	2026-09-07T21:56:25Z
OP297862.1	OP297862	Human alphaherpesvirus 1	10298	153232	198	0.00129216	HSV1-v73_d4_cu_gen_les				Homo sapiens		Human alphaherpesvirus 1 strain HSV1-v73_d4_cu_gen_les, complete genome	complete	False	data/raw/OP297862.1.fasta	b68897bfa370b4c9b7b2b40ebceb83953d474f1c4479f511fc19c5c85ebc67de	"txid10298[Organism:exp] AND 145000:160000[SLEN] AND biomol_genomic[PROP] AND ""complete genome""[Title] NOT patent[PROP]"	2026-09-07T21:56:25Z
OP297863.1	OP297863	Human alphaherpesvirus 1	10298	150817	4	2.652e-05	HSV1-v61_d2_cu_gen_les				Homo sapiens		Human alphaherpesvirus 1 strain HSV1-v61_d2_cu_gen_les, complete genome	complete	False	data/raw/OP297863.1.fasta	617e547636eea839f82eacc70108e384f20ce1e3b7b52300ab903c0a59e3b56a	"txid10298[Organism:exp] AND 145000:160000[SLEN] AND biomol_genomic[PROP] AND ""complete genome""[Title] NOT patent[PROP]"	2026-09-07T21:56:25Z
OP297865.1	OP297865	Human alphaherpesvirus 1	10298	153089	44	0.00028741	HSV1-v44_d2_cu_gen_les				Homo sapiens		Human alphaherpesvirus 1 strain HSV1-v44_d2_cu_gen_les, complete genome	complete	False	data/raw/OP297865.1.fasta	db0881c2c450243a2a718e296652d1fd894d32ac89bbdde1504b5e25f60aace7	"txid10298[Organism:exp] AND 145000:160000[SLEN] AND biomol_genomic[PROP] AND ""complete genome""[Title] NOT patent[PROP]"	2026-09-07T21:56:25Z
OP297866.1	OP297866	Human alphaherpesvirus 1	10298	151281	164	0.00108408	HSV1-v71_d395_cu_gen_les				Homo sapiens		Human alphaherpesvirus 1 strain HSV1-v71_d395_cu_gen_les, complete genome	complete	False	data/raw/OP297866.1.fasta	1d73f71dc016fe2ec66c3d1ac31b58c7a3c40330521831fcb59b9b908d712a25	"txid10298[Organism:exp] AND 145000:160000[SLEN] AND biomol_genomic[PROP] AND ""complete genome""[Title] NOT patent[PROP]"	2026-09-07T21:56:25Z
OP297867.1	OP297867	Human alphaherpesvirus 1	10298	150722	4	2.654e-05	HSV1-v52_d84_cu_gen_les				Homo sapiens		Human alphaherpesvirus 1 strain HSV1-v52_d84_cu_gen_les, complete genome	complete	False	data/raw/OP297867.1.fasta	ef0994e02fa7328539c4511e6a72a6571945ed8706734a809631d32b6bd77a64	"txid10298[Organism:exp] AND 145000:160000[SLEN] AND biomol_genomic[PROP] AND ""complete genome""[Title] NOT patent[PROP]"	2026-09-07T21:56:25Z
OP297868.1	OP297868	Human alphaherpesvirus 1	10298	150131	5	3.33e-05	HSV1-v46_d349_cu_gen_les				Homo sapiens		Human alphaherpesvirus 1 strain HSV1-v46_d349_cu_gen_les, complete genome	complete	False	data/raw/OP297868.1.fasta	333a63d1a372f884c58b6f0a5c413d26f23ddb8e8bf814cde1d33b3ff0caff0e	"txid10298[Organism:exp] AND 145000:160000[SLEN] AND biomol_genomic[PROP] AND ""complete genome""[Title] NOT patent[PROP]"	2026-09-07T21:56:25Z
OP297870.1	OP297870	Human alphaherpesvirus 1	10298	151565	9	5.938e-05	HSV1-v58_d1_cu_gen_les				Homo sapiens		Human alphaherpesvirus 1 strain HSV1-v58_d1_cu_gen_les, complete genome	complete	False	data/raw/OP297870.1.fasta	55f60cf0bc93d727563518f51621999064c5a7fa65726031267eabab766e2252	"txid10298[Organism:exp] AND 145000:160000[SLEN] AND biomol_genomic[PROP] AND ""complete genome""[Title] NOT patent[PROP]"	2026-09-07T21:56:25Z
OP297871.1	OP297871	Human alphaherpesvirus 1	10298	151422	1	6.6e-06	HSV1-v69_d2_cu_gen_les				Homo sapiens		Human alphaherpesvirus 1 strain HSV1-v69_d2_cu_gen_les, complete genome	complete	False	data/raw/OP297871.1.fasta	2e52201c470b8fd1fe3a71e812d328b65e98629268a57c0ba8b7e9a19a6008a0	"txid10298[Organism:exp] AND 145000:160000[SLEN] AND biomol_genomic[PROP] AND ""complete genome""[Title] NOT patent[PROP]"	2026-09-07T21:56:25Z
OP297872.1	OP297872	Human alphaherpesvirus 1	10298	149910	198	0.00132079	HSV1-v62_d3_cu_gen_les				Homo sapiens		Human alphaherpesvirus 1 strain HSV1-v62_d3_cu_gen_les, complete genome	complete	False	data/raw/OP297872.1.fasta	2192e76b31bcf6ac1c43c8bba67b707eb7193b371c8dc545b94b0106fac50984	"txid10298[Organism:exp] AND 145000:160000[SLEN] AND biomol_genomic[PROP] AND ""complete genome""[Title] NOT patent[PROP]"	2026-09-07T21:56:25Z
OP297873.1	OP297873	Human alphaherpesvirus 1	10298	150814	9	5.968e-05	HSV1-v54_d71_cu_gen_les				Homo sapiens		Human alphaherpesvirus 1 strain HSV1-v54_d71_cu_gen_les, complete genome	complete	False	data/raw/OP297873.1.fasta	0ae52b52759e31bf887104e216c53ecf95d575bd1e51a80aae138acbc95a61b9	"txid10298[Organism:exp] AND 145000:160000[SLEN] AND biomol_genomic[PROP] AND ""complete genome""[Title] NOT patent[PROP]"	2026-09-07T21:56:25Z
OP297874.1	OP297874	Human alphaherpesvirus 1	10298	150377	0	0.0	HSV1-v74_d193_cu_gen				Homo sapiens		Human alphaherpesvirus 1 strain HSV1-v74_d193_cu_gen, complete genome	complete	False	data/raw/OP297874.1.fasta	a0b80cf1babf31b27be18b60dea290de2ff994747e3c4ec7b59bc6b1a00c96f6	"txid10298[Organism:exp] AND 145000:160000[SLEN] AND biomol_genomic[PROP] AND ""complete genome""[Title] NOT patent[PROP]"	2026-09-07T21:56:25Z
OP297875.1	OP297875	Human alphaherpesvirus 1	10298	150049	5	3.332e-05	v49_d257_cu_gen_les				Homo sapiens		Human alphaherpesvirus 1 strain v49_d257_cu_gen_les, complete genome	complete	False	data/raw/OP297875.1.fasta	34a638423af34482575d6056456f9cd8115989cfe94fa44d8cb4130886f0eceb	"txid10298[Organism:exp] AND 145000:160000[SLEN] AND biomol_genomic[PROP] AND ""complete genome""[Title] NOT patent[PROP]"	2026-09-07T21:56:25Z
OP297877.1	OP297877	Human alphaherpesvirus 1	10298	150184	4	2.663e-05	HSV1-v66_d6_cu_gen				Homo sapiens		Human alphaherpesvirus 1 strain HSV1-v66_d6_cu_gen, complete genome	complete	False	data/raw/OP297877.1.fasta	57cd860444cc31697de978117db4209b9616bc38e14857ac9e4e92a7dba86ca8	"txid10298[Organism:exp] AND 145000:160000[SLEN] AND biomol_genomic[PROP] AND ""complete genome""[Title] NOT patent[PROP]"	2026-09-07T21:56:25Z
OP297879.1	OP297879	Human alphaherpesvirus 1	10298	150722	4	2.654e-05	HSV1-v63_d284_cu_oral				Homo sapiens		Human alphaherpesvirus 1 strain HSV1-v63_d284_cu_oral, complete genome	complete	False	data/raw/OP297879.1.fasta	3ad747793a53ed8e8752d610ea99e174f51bb005d05df4a6bb670ebc502d797a	"txid10298[Organism:exp] AND 145000:160000[SLEN] AND biomol_genomic[PROP] AND ""complete genome""[Title] NOT patent[PROP]"	2026-09-07T21:56:25Z
OP297880.1	OP297880	Human alphaherpesvirus 1	10298	148988	6	4.027e-05	HSV1-v68_d8_cu_gen_les				Homo sapiens		Human alphaherpesvirus 1 strain HSV1-v68_d8_cu_gen_les, complete genome	complete	False	data/raw/OP297880.1.fasta	055c88b314af6d95248e893aece8cea79b60f4c066c04eaa40674db85a6e2b30	"txid10298[Organism:exp] AND 145000:160000[SLEN] AND biomol_genomic[PROP] AND ""complete genome""[Title] NOT patent[PROP]"	2026-09-07T21:56:25Z
OP297881.1	OP297881	Human alphaherpesvirus 1	10298	150135	5	3.33e-05	v45_d4_cu_gen_les				Homo sapiens		Human alphaherpesvirus 1 strain v45_d4_cu_gen_les, complete genome	complete	False	data/raw/OP297881.1.fasta	1f9164a153f2be508a15507352f7536f354b4d0fdbbedb4bf05d78dc0455ac84	"txid10298[Organism:exp] AND 145000:160000[SLEN] AND biomol_genomic[PROP] AND ""complete genome""[Title] NOT patent[PROP]"	2026-09-07T21:56:25Z
OP297882.1	OP297882	Human alphaherpesvirus 1	10298	150499	4	2.658e-05	HSV1-v76_d266_cu_gen_les				Homo sapiens		Human alphaherpesvirus 1 strain HSV1-v76_d266_cu_gen_les, complete genome	complete	False	data/raw/OP297882.1.fasta	ae01f2285525200b630e9b521b63e66c61704efb3cc3b2d78b980becad176672	"txid10298[Organism:exp] AND 145000:160000[SLEN] AND biomol_genomic[PROP] AND ""complete genome""[Title] NOT patent[PROP]"	2026-09-07T21:56:25Z
OP297884.1	OP297884	Human alphaherpesvirus 1	10298	156387	14	8.952e-05	HSV1-v57_d3_cu_gen_les				Homo sapiens		Human alphaherpesvirus 1 strain HSV1-v57_d3_cu_gen_les, complete genome	complete	False	data/raw/OP297884.1.fasta	d46c3b6d4a8c1fb54c22efdcd4763c1ab3885b1d35e95073887a47e7ccce78c6	"txid10298[Organism:exp] AND 145000:160000[SLEN] AND biomol_genomic[PROP] AND ""complete genome""[Title] NOT patent[PROP]"	2026-09-07T21:56:25Z
OP297885.1	OP297885	Human alphaherpesvirus 1	10298	149990	5	3.334e-05	HSV1-v67_d346_cu_gen_les				Homo sapiens		Human alphaherpesvirus 1 strain HSV1-v67_d346_cu_gen_les, complete genome	complete	False	data/raw/OP297885.1.fasta	c70546530b085e41ec7319752e79affcdb7f5c1e168eaf7dda805e9801a0f232	"txid10298[Organism:exp] AND 145000:160000[SLEN] AND biomol_genomic[PROP] AND ""complete genome""[Title] NOT patent[PROP]"	2026-09-07T21:56:25Z
OP297886.1	OP297886	Human alphaherpesvirus 1	10298	152277	4	2.627e-05	HSV1-v72_d53_cu_gen_les				Homo sapiens		Human alphaherpesvirus 1 strain HSV1-v72_d53_cu_gen_les, complete genome	complete	False	data/raw/OP297886.1.fasta	7300c968537095495e9aab8e565abfad99f26be1acf796460ff6c6e7af2f526f	"txid10298[Organism:exp] AND 145000:160000[SLEN] AND biomol_genomic[PROP] AND ""complete genome""[Title] NOT patent[PROP]"	2026-09-07T21:56:25Z
OP871840.1	OP871840	Human alphaherpesvirus 1	10298	154353	0	0.0	INV-11A		USA		Homo sapiens		Human alphaherpesvirus 1 strain INV-11A, complete genome	complete	False	data/raw/OP871840.1.fasta	d9bc00d7a9990c4e342e0c06bd7589215003ae3c39d566777ce8f7e70de0f137	"txid10298[Organism:exp] AND 145000:160000[SLEN] AND biomol_genomic[PROP] AND ""complete genome""[Title] NOT patent[PROP]"	2026-09-07T21:56:25Z
OP871841.1	OP871841	Human alphaherpesvirus 1	10298	156713	0	0.0	INV-15B		USA		Homo sapiens		Human alphaherpesvirus 1 strain INV-15B, complete genome	complete	False	data/raw/OP871841.1.fasta	8ab4155e8fb1dcf8854dcb3142ebe0039518e3695b85ce5c29c16382dca386dd	"txid10298[Organism:exp] AND 145000:160000[SLEN] AND biomol_genomic[PROP] AND ""complete genome""[Title] NOT patent[PROP]"	2026-09-07T21:56:25Z
OP871842.1	OP871842	Human alphaherpesvirus 1	10298	155161	37	0.00023846	INV-16D		USA		Homo sapiens		Human alphaherpesvirus 1 strain INV-16D, complete genome	complete	False	data/raw/OP871842.1.fasta	c4a63701b4630bd277319feca1b0b68129234f3f3cbcf48f9e009ee6aba2081d	"txid10298[Organism:exp] AND 145000:160000[SLEN] AND biomol_genomic[PROP] AND ""complete genome""[Title] NOT patent[PROP]"	2026-09-07T21:56:25Z
OP871843.1	OP871843	Human alphaherpesvirus 1	10298	159092	0	0.0	INV-16E		USA		Homo sapiens		Human alphaherpesvirus 1 strain INV-16E, complete genome	complete	False	data/raw/OP871843.1.fasta	f31f8211298cd7385332d6fd7e26070473ad982f286b03cd658f88fef04144c1	"txid10298[Organism:exp] AND 145000:160000[SLEN] AND biomol_genomic[PROP] AND ""complete genome""[Title] NOT patent[PROP]"	2026-09-07T21:56:25Z
OP871844.1	OP871844	Human alphaherpesvirus 1	10298	154234	0	0.0	INV-17A		USA		Homo sapiens		Human alphaherpesvirus 1 strain INV-17A, complete genome	complete	False	data/raw/OP871844.1.fasta	d426f44f3a8e02d730c9307e6121848f5d0bd0a356256794bd3911b6c02642d0	"txid10298[Organism:exp] AND 145000:160000[SLEN] AND biomol_genomic[PROP] AND ""complete genome""[Title] NOT patent[PROP]"	2026-09-07T21:56:25Z
OP871845.1	OP871845	Human alphaherpesvirus 1	10298	154095	0	0.0	INV-20A		USA		Homo sapiens		Human alphaherpesvirus 1 strain INV-20A, complete genome	complete	False	data/raw/OP871845.1.fasta	017effa0e9460cb5559b51bd58af825eb84a6960f83706294ef231fd28e1429b	"txid10298[Organism:exp] AND 145000:160000[SLEN] AND biomol_genomic[PROP] AND ""complete genome""[Title] NOT patent[PROP]"	2026-09-07T21:56:25Z
OP871846.1	OP871846	Human alphaherpesvirus 1	10298	154107	0	0.0	INV-20C		USA		Homo sapiens		Human alphaherpesvirus 1 strain INV-20C, complete genome	complete	False	data/raw/OP871846.1.fasta	3256ee533f4df1788f9c3cf1afb0092b044850090f00a5ca495acb212a1f7ae0	"txid10298[Organism:exp] AND 145000:160000[SLEN] AND biomol_genomic[PROP] AND ""complete genome""[Title] NOT patent[PROP]"	2026-09-07T21:56:25Z
OP871847.1	OP871847	Human alphaherpesvirus 1	10298	155163	0	0.0	INV-22B		USA		Homo sapiens		Human alphaherpesvirus 1 strain INV-22B, complete genome	complete	False	data/raw/OP871847.1.fasta	4fc45086be752d27b816978af6510d2e9357225b817f234237dbf39b224fe33b	"txid10298[Organism:exp] AND 145000:160000[SLEN] AND biomol_genomic[PROP] AND ""complete genome""[Title] NOT patent[PROP]"	2026-09-07T21:56:25Z
OP871848.1	OP871848	Human alphaherpesvirus 1	10298	153324	0	0.0	INV-22C		USA		Homo sapiens		Human alphaherpesvirus 1 strain INV-22C, complete genome	complete	False	data/raw/OP871848.1.fasta	45352e0ae2d7b46cf010ebb577f8bb561f7ba9332dc8e54cc75c270bff6b00d3	"txid10298[Organism:exp] AND 145000:160000[SLEN] AND biomol_genomic[PROP] AND ""complete genome""[Title] NOT patent[PROP]"	2026-09-07T21:56:25Z
OP871849.1	OP871849	Human alphaherpesvirus 1	10298	154157	0	0.0	INV-25B		USA		Homo sapiens		Human alphaherpesvirus 1 strain INV-25B, complete genome	complete	False	data/raw/OP871849.1.fasta	c273724dcebb1f409aecfbe442df8d25d0d4df3d13437967aa7b2495f116b5fd	"txid10298[Organism:exp] AND 145000:160000[SLEN] AND biomol_genomic[PROP] AND ""complete genome""[Title] NOT patent[PROP]"	2026-09-07T21:56:25Z
OP871850.1	OP871850	Human alphaherpesvirus 1	10298	153240	0	0.0	INV-25C		USA		Homo sapiens		Human alphaherpesvirus 1 strain INV-25C, complete genome	complete	False	data/raw/OP871850.1.fasta	f45b20e2c2d5420a1a439d0e1780f21749555b91e011055db5601fdc2ae87bcd	"txid10298[Organism:exp] AND 145000:160000[SLEN] AND biomol_genomic[PROP] AND ""complete genome""[Title] NOT patent[PROP]"	2026-09-07T21:56:25Z
OP871851.1	OP871851	Human alphaherpesvirus 1	10298	155512	0	0.0	INV-25D		USA		Homo sapiens		Human alphaherpesvirus 1 strain INV-25D, complete genome	complete	False	data/raw/OP871851.1.fasta	110bc96d6a3bddd997f9e28965c37212ffad6e899f8b37254a82a2af83f8ad3c	"txid10298[Organism:exp] AND 145000:160000[SLEN] AND biomol_genomic[PROP] AND ""complete genome""[Title] NOT patent[PROP]"	2026-09-07T21:56:25Z
OP871852.1	OP871852	Human alphaherpesvirus 1	10298	155472	0	0.0	INV-NN		USA		Homo sapiens		Human alphaherpesvirus 1 strain INV-NN, complete genome	complete	False	data/raw/OP871852.1.fasta	674330dd9083f503dfee5b7c48225f91d4ab05c9cd6cb776d3ac3c87965fe6e7	"txid10298[Organism:exp] AND 145000:160000[SLEN] AND biomol_genomic[PROP] AND ""complete genome""[Title] NOT patent[PROP]"	2026-09-07T21:56:25Z
OP871854.1	OP871854	Human alphaherpesvirus 1	10298	153201	0	0.0	INV-1G		USA		Homo sapiens		Human alphaherpesvirus 1 strain INV-1G, complete genome	complete	False	data/raw/OP871854.1.fasta	93948ff82aad0025e854774290d22a443c3653d88dab120f1ec6255fa06131bd	"txid10298[Organism:exp] AND 145000:160000[SLEN] AND biomol_genomic[PROP] AND ""complete genome""[Title] NOT patent[PROP]"	2026-09-07T21:56:25Z
OP871855.1	OP871855	Human alphaherpesvirus 1	10298	155681	0	0.0	INV-2B		USA		Homo sapiens		Human alphaherpesvirus 1 strain INV-2B, complete genome	complete	False	data/raw/OP871855.1.fasta	d0c813a6bde9cebc3e993c9093397880803f693d48df4152f842561f0a01d022	"txid10298[Organism:exp] AND 145000:160000[SLEN] AND biomol_genomic[PROP] AND ""complete genome""[Title] NOT patent[PROP]"	2026-09-07T21:56:25Z
OP871856.1	OP871856	Human alphaherpesvirus 1	10298	155161	0	0.0	INV-2C		USA		Homo sapiens		Human alphaherpesvirus 1 strain INV-2C, complete genome	complete	False	data/raw/OP871856.1.fasta	47d0494b9d8961d5dfddae80006c10f4f80d6d99ad3d3f7fb0cf59e7060bd074	"txid10298[Organism:exp] AND 145000:160000[SLEN] AND biomol_genomic[PROP] AND ""complete genome""[Title] NOT patent[PROP]"	2026-09-07T21:56:25Z
OP871857.1	OP871857	Human alphaherpesvirus 1	10298	153807	0	0.0	INV-7A		USA		Homo sapiens		Human alphaherpesvirus 1 strain INV-7A, complete genome	complete	False	data/raw/OP871857.1.fasta	2e95751f6c383536ca460ef4a793340027f01a3484e06f9132c38a7c505288b1	"txid10298[Organism:exp] AND 145000:160000[SLEN] AND biomol_genomic[PROP] AND ""complete genome""[Title] NOT patent[PROP]"	2026-09-07T21:56:25Z
OP871858.1	OP871858	Human alphaherpesvirus 1	10298	154992	0	0.0	INV-7E		USA		Homo sapiens		Human alphaherpesvirus 1 strain INV-7E, complete genome	complete	False	data/raw/OP871858.1.fasta	3ec750f8973db13219724f353452dd46f1ccc5abd8b11c05eae34c87c9b1f076	"txid10298[Organism:exp] AND 145000:160000[SLEN] AND biomol_genomic[PROP] AND ""complete genome""[Title] NOT patent[PROP]"	2026-09-07T21:56:25Z
OP871859.1	OP871859	Human alphaherpesvirus 1	10298	156328	0	0.0	INV-9B		USA		Homo sapiens		Human alphaherpesvirus 1 strain INV-9B, complete genome	complete	False	data/raw/OP871859.1.fasta	f76a766e29c2714246d96cae24f92b0021e19e7ef779651bb1ae4cf86f6d74ee	"txid10298[Organism:exp] AND 145000:160000[SLEN] AND biomol_genomic[PROP] AND ""complete genome""[Title] NOT patent[PROP]"	2026-09-07T21:56:25Z
OQ724831.1	OQ724831	Human alphaherpesvirus 1	10298	152739	0	0.0		BP-C1	USA: Miami, FL	2001	Homo sapiens	OS conjunctiva	Human alphaherpesvirus 1 isolate BP-C1, complete genome	complete	False	data/raw/OQ724831.1.fasta	b51ec195fcd2ab008346b887c19b0608117bb109444658eb7492f79b16c1fd5c	"txid10298[Organism:exp] AND 145000:160000[SLEN] AND biomol_genomic[PROP] AND ""complete genome""[Title] NOT patent[PROP]"	2026-09-07T21:56:25Z
OQ724832.1	OQ724832	Human alphaherpesvirus 1	10298	152898	0	0.0	BP-C2		USA: Miami, FL	2004	Homo sapiens	OS conjunctiva	Human alphaherpesvirus 1 strain BP-C2, complete genome	complete	False	data/raw/OQ724832.1.fasta	8eceab71e2342e05fcc2aa6b8bb4e050c91b494e13a806bcb959f8289f4d108c	"txid10298[Organism:exp] AND 145000:160000[SLEN] AND biomol_genomic[PROP] AND ""complete genome""[Title] NOT patent[PROP]"	2026-09-07T21:56:25Z
OQ724833.1	OQ724833	Human alphaherpesvirus 1	10298	154130	0	0.0	BP-C3		USA: Miami, FL	2004	Homo sapiens	OD conjunctiva	Human alphaherpesvirus 1 strain BP-C3, complete genome	complete	False	data/raw/OQ724833.1.fasta	74c483d1b616722dcee83ce34e85a8bd03b1e7149eb3dfe7eec80ba0f9d8e11e	"txid10298[Organism:exp] AND 145000:160000[SLEN] AND biomol_genomic[PROP] AND ""complete genome""[Title] NOT patent[PROP]"	2026-09-07T21:56:25Z
OQ724834.1	OQ724834	Human alphaherpesvirus 1	10298	152541	0	0.0	BP-C4		USA: Miami, FL	2004	Homo sapiens	OS conjunctiva	Human alphaherpesvirus 1 strain BP-C4, complete genome	complete	False	data/raw/OQ724834.1.fasta	f76949b79f5d1e3d66bf820a2d6d7ca131c13b831766abc98fd2b94d348c06df	"txid10298[Organism:exp] AND 145000:160000[SLEN] AND biomol_genomic[PROP] AND ""complete genome""[Title] NOT patent[PROP]"	2026-09-07T21:56:25Z
OQ724835.1	OQ724835	Human alphaherpesvirus 1	10298	152332	0	0.0	BP-C5		USA: Miami, FL	2005	Homo sapiens	OS conjunctiva	Human alphaherpesvirus 1 strain BP-C5, complete genome	complete	False	data/raw/OQ724835.1.fasta	6eea19c0d0f78c851a67757895d326217a67cb1f25ecd6de8518483988817747	"txid10298[Organism:exp] AND 145000:160000[SLEN] AND biomol_genomic[PROP] AND ""complete genome""[Title] NOT patent[PROP]"	2026-09-07T21:56:25Z
OQ724836.1	OQ724836	Human alphaherpesvirus 1	10298	152674	0	0.0	BP-C8		USA: Miami, FL	2005	Homo sapiens	OS conjunctiva	UNVERIFIED: Human alphaherpesvirus 1 strain BP-C8, complete genome	complete	False	data/raw/OQ724836.1.fasta	8e59d581068b66d5fd1415fe2bdf3cef0bc6b0951822d1312d9057aabc8a3c31	"txid10298[Organism:exp] AND 145000:160000[SLEN] AND biomol_genomic[PROP] AND ""complete genome""[Title] NOT patent[PROP]"	2026-09-07T21:56:25Z
OQ724863.1	OQ724863	Human alphaherpesvirus 1	10298	152893	0	0.0	BP-C9		USA: Miami, FL	2005	Homo sapiens	OD conjunctiva	Human alphaherpesvirus 1 strain BP-C9, complete genome	complete	False	data/raw/OQ724863.1.fasta	98c31a149264f9607c3a0ec86dc2c7bd9565435647cc0584be4a593f00a1f4a5	"txid10298[Organism:exp] AND 145000:160000[SLEN] AND biomol_genomic[PROP] AND ""complete genome""[Title] NOT patent[PROP]"	2026-09-07T21:56:25Z
OQ724864.1	OQ724864	Human alphaherpesvirus 1	10298	153030	0	0.0	BP-C11		USA: Miami, FL	2008	Homo sapiens	OS conjunctiva	Human alphaherpesvirus 1 strain BP-C11, complete genome	complete	False	data/raw/OQ724864.1.fasta	43c9da7084551ab1070554963e38812c0de3b045811750ae831382c7dafc8c76	"txid10298[Organism:exp] AND 145000:160000[SLEN] AND biomol_genomic[PROP] AND ""complete genome""[Title] NOT patent[PROP]"	2026-09-07T21:56:25Z
OQ724865.1	OQ724865	Human alphaherpesvirus 1	10298	152858	0	0.0	BP-C12		USA: Miami, FL	2010	Homo sapiens	OD conjunctiva	Human alphaherpesvirus 1 strain BP-C12, complete genome	complete	False	data/raw/OQ724865.1.fasta	dab5a61e69dfd9813a1d0d3278a75d28080d1af245ffb796421a65bbe277d923	"txid10298[Organism:exp] AND 145000:160000[SLEN] AND biomol_genomic[PROP] AND ""complete genome""[Title] NOT patent[PROP]"	2026-09-07T21:56:25Z
OQ724866.1	OQ724866	Human alphaherpesvirus 1	10298	152567	0	0.0	BP-C14		USA: Miami, FL	2015	Homo sapiens	OD conjunctiva	Human alphaherpesvirus 1 strain BP-C14, complete genome	complete	False	data/raw/OQ724866.1.fasta	ecb89830ef2ed2096709c6121ec84b5a06f030ea25e39548e0171fefb947f615	"txid10298[Organism:exp] AND 145000:160000[SLEN] AND biomol_genomic[PROP] AND ""complete genome""[Title] NOT patent[PROP]"	2026-09-07T21:56:25Z
OQ724867.1	OQ724867	Human alphaherpesvirus 1	10298	152381	0	0.0	BP-C15		USA: Miami, FL	2015	Homo sapiens	OD conjunctiva	Human alphaherpesvirus 1 strain BP-C15, complete genome	complete	False	data/raw/OQ724867.1.fasta	e4e724d349cadd4390e325ec781fa4268a7b277a2cebcb5499592248e02e19b1	"txid10298[Organism:exp] AND 145000:160000[SLEN] AND biomol_genomic[PROP] AND ""complete genome""[Title] NOT patent[PROP]"	2026-09-07T21:56:25Z
OQ724868.1	OQ724868	Human alphaherpesvirus 1	10298	153167	0	0.0		BP-K1	USA: Miami, FL	2002	Homo sapiens	OS cornea	Human alphaherpesvirus 1 isolate BP-K1, complete genome	complete	False	data/raw/OQ724868.1.fasta	66ab91aeed98a9e9a37658500fe8a6b1bc1400bc7fe5dd35317df90e237bee84	"txid10298[Organism:exp] AND 145000:160000[SLEN] AND biomol_genomic[PROP] AND ""complete genome""[Title] NOT patent[PROP]"	2026-09-07T21:56:25Z
OQ724888.1	OQ724888	Human alphaherpesvirus 1	10298	152311	0	0.0		BP-K2	USA: Miami, FL	2009	Homo sapiens	OS cornea	Human alphaherpesvirus 1 isolate BP-K2, complete genome	complete	False	data/raw/OQ724888.1.fasta	fd9ffb5bda50cfbe65c4ed0aacf9df9b5c6ee5fad0e32749455f4857a6dae361	"txid10298[Organism:exp] AND 145000:160000[SLEN] AND biomol_genomic[PROP] AND ""complete genome""[Title] NOT patent[PROP]"	2026-09-07T21:56:25Z
OQ724889.1	OQ724889	Human alphaherpesvirus 1	10298	152277	0	0.0	BP-K3		USA: Miami, FL	2009	Homo sapiens	OS cornea	Human alphaherpesvirus 1 strain BP-K3, complete genome	complete	False	data/raw/OQ724889.1.fasta	15e4207cbc3af91c43d227ab4fce2caf5ad3d9a9b4da9e9c9e8b769157693d54	"txid10298[Organism:exp] AND 145000:160000[SLEN] AND biomol_genomic[PROP] AND ""complete genome""[Title] NOT patent[PROP]"	2026-09-07T21:56:25Z
OQ724890.1	OQ724890	Human alphaherpesvirus 1	10298	151917	0	0.0	BP-K4		USA: Miami, FL	2009	Homo sapiens	OD cornea	Human alphaherpesvirus 1 strain BP-K4, complete genome	complete	False	data/raw/OQ724890.1.fasta	e2ce5fc3e15df8b348d3ef1ee2b31e92a3bb79dc1d0ba0ba8c09f96aeeae832f	"txid10298[Organism:exp] AND 145000:160000[SLEN] AND biomol_genomic[PROP] AND ""complete genome""[Title] NOT patent[PROP]"	2026-09-07T21:56:25Z
OQ724891.1	OQ724891	Human alphaherpesvirus 1	10298	154135	0	0.0	BP-K5		USA: Miami, FL	2010	Homo sapiens	cornea	Human alphaherpesvirus 1 strain BP-K5, complete genome	complete	False	data/raw/OQ724891.1.fasta	891410c87abb894484a80dadeaba47863cc3380ea9ded1a101db4f1a4ee60aee	"txid10298[Organism:exp] AND 145000:160000[SLEN] AND biomol_genomic[PROP] AND ""complete genome""[Title] NOT patent[PROP]"	2026-09-07T21:56:25Z
OQ724892.1	OQ724892	Human alphaherpesvirus 1	10298	153130	0	0.0	BP-K6		USA: Miami, FL	2010	Homo sapiens	OD cornea	Human alphaherpesvirus 1 strain BP-K6, complete genome	complete	False	data/raw/OQ724892.1.fasta	e2f46c18e260b84fa6be33e6d1185bdda450155b36aa2ad852b3eb79ce10a09e	"txid10298[Organism:exp] AND 145000:160000[SLEN] AND biomol_genomic[PROP] AND ""complete genome""[Title] NOT patent[PROP]"	2026-09-07T21:56:25Z
OQ724893.1	OQ724893	Human alphaherpesvirus 1	10298	154330	0	0.0	BP-K8		USA: Miami, FL	2011	Homo sapiens	OS cornea	Human alphaherpesvirus 1 strain BP-K8, complete genome	complete	False	data/raw/OQ724893.1.fasta	aa4cdc007378eff14071ff14d0091d26f8b9d0b9652e23be9e73cce0e2f63e0a	"txid10298[Organism:exp] AND 145000:160000[SLEN] AND biomol_genomic[PROP] AND ""complete genome""[Title] NOT patent[PROP]"	2026-09-07T21:56:25Z
OQ724894.1	OQ724894	Human alphaherpesvirus 1	10298	153885	0	0.0	BP-K9		USA: Miami, FL	2011	Homo sapiens	OD cornea	Human alphaherpesvirus 1 strain BP-K9, complete genome	complete	False	data/raw/OQ724894.1.fasta	04760eddcd629348d9235c3c5ebf38b77c18523417eb56e1cfb57ec22983e57f	"txid10298[Organism:exp] AND 145000:160000[SLEN] AND biomol_genomic[PROP] AND ""complete genome""[Title] NOT patent[PROP]"	2026-09-07T21:56:25Z
OQ724895.1	OQ724895	Human alphaherpesvirus 1	10298	151502	0	0.0	BP-K10		USA: Miami, FL	2011	Homo sapiens	OD cornea	Human alphaherpesvirus 1 strain BP-K10, complete genome	complete	False	data/raw/OQ724895.1.fasta	c387e74082335ca43bc443b7cd6612e26e77d2ad470a69ddec87073e047dbed9	"txid10298[Organism:exp] AND 145000:160000[SLEN] AND biomol_genomic[PROP] AND ""complete genome""[Title] NOT patent[PROP]"	2026-09-07T21:56:25Z
OQ724910.1	OQ724910	Human alphaherpesvirus 1	10298	153536	0	0.0	BP-K11		USA: Miami, FL	2011	Homo sapiens	OD cornea	Human alphaherpesvirus 1 strain BP-K11, complete genome	complete	False	data/raw/OQ724910.1.fasta	f5e84ea0683bf2dd0953fee644a592df75a36f0ab1e293ca144364262ab02c89	"txid10298[Organism:exp] AND 145000:160000[SLEN] AND biomol_genomic[PROP] AND ""complete genome""[Title] NOT patent[PROP]"	2026-09-07T21:56:25Z
OQ724911.1	OQ724911	Human alphaherpesvirus 1	10298	152470	0	0.0	BP-K12		USA: Miami, FL	2012	Homo sapiens	OD cornea	Human alphaherpesvirus 1 strain BP-K12, complete genome	complete	False	data/raw/OQ724911.1.fasta	9982552cd5b36205f094df1277b1ffd8a577732f8e66bb476e53b385c0de489f	"txid10298[Organism:exp] AND 145000:160000[SLEN] AND biomol_genomic[PROP] AND ""complete genome""[Title] NOT patent[PROP]"	2026-09-07T21:56:25Z
OQ724912.1	OQ724912	Human alphaherpesvirus 1	10298	152231	0	0.0	BP-K13		USA: Miami, FL	2014	Homo sapiens	OD cornea	Human alphaherpesvirus 1 strain BP-K13, complete genome	complete	False	data/raw/OQ724912.1.fasta	5f6ceaf60d146f425aafb82f99e3a1e7fde0211c42496761441a3700acc6510a	"txid10298[Organism:exp] AND 145000:160000[SLEN] AND biomol_genomic[PROP] AND ""complete genome""[Title] NOT patent[PROP]"	2026-09-07T21:56:25Z
OQ724914.1	OQ724914	Human alphaherpesvirus 1	10298	153180	0	0.0	BP-K16		USA: Miami, FL	2015	Homo sapiens	OD cornea	Human alphaherpesvirus 1 strain BP-K16, complete genome	complete	False	data/raw/OQ724914.1.fasta	444b49d37387a246c75e15f373f2cd3bba09cfee58df3b7e0ee24b680dffa4bd	"txid10298[Organism:exp] AND 145000:160000[SLEN] AND biomol_genomic[PROP] AND ""complete genome""[Title] NOT patent[PROP]"	2026-09-07T21:56:25Z
OQ724915.1	OQ724915	Human alphaherpesvirus 1	10298	155000	0	0.0		BP-K14	USA: Miami, FL	2015	Homo sapiens	OD cornea	Human alphaherpesvirus 1 isolate BP-K14, complete genome	complete	False	data/raw/OQ724915.1.fasta	63cf70e6c51a3c50fdd71464ef35669dda5012e44cd6b3d701a250c3089d1d2e	"txid10298[Organism:exp] AND 145000:160000[SLEN] AND biomol_genomic[PROP] AND ""complete genome""[Title] NOT patent[PROP]"	2026-09-07T21:56:25Z
OQ724932.1	OQ724932	Human alphaherpesvirus 1	10298	152262	0	0.0	BP-L1		USA: Miami FL	2002	Homo sapiens	OD Eyelid	Human alphaherpesvirus 1 strain BP-L1, complete genome	complete	False	data/raw/OQ724932.1.fasta	135cf57f584c6533996624bb172b2fb1a39043412f5e704a344b15f6c80f8dd6	"txid10298[Organism:exp] AND 145000:160000[SLEN] AND biomol_genomic[PROP] AND ""complete genome""[Title] NOT patent[PROP]"	2026-09-07T21:56:25Z
OQ724933.1	OQ724933	Human alphaherpesvirus 1	10298	153614	0	0.0	BP-L2		USA: Miami FL	2003	Homo sapiens	OS Eyelid	Human alphaherpesvirus 1 strain BP-L2, complete genome	complete	False	data/raw/OQ724933.1.fasta	0c4dc21f1a35b740833dfe46192fa3d5ef1b66569fa4be85f46dd70c6fce6690	"txid10298[Organism:exp] AND 145000:160000[SLEN] AND biomol_genomic[PROP] AND ""complete genome""[Title] NOT patent[PROP]"	2026-09-07T21:56:25Z
OQ724934.1	OQ724934	Human alphaherpesvirus 1	10298	151488	0	0.0	BP-L4		USA: Miami FL	2003	Homo sapiens	OS Eyelid	Human alphaherpesvirus 1 strain BP-L4, complete genome	complete	False	data/raw/OQ724934.1.fasta	cf95dfeb2c67ef021d2bbcebb3341aa7261ade16a8c29c81743f7c96822f7df6	"txid10298[Organism:exp] AND 145000:160000[SLEN] AND biomol_genomic[PROP] AND ""complete genome""[Title] NOT patent[PROP]"	2026-09-07T21:56:25Z
OQ724935.1	OQ724935	Human alphaherpesvirus 1	10298	153093	0	0.0	BP-L5		USA: Miami FL	2003	Homo sapiens	OD Eyelid	Human alphaherpesvirus 1 strain BP-L5, complete genome	complete	False	data/raw/OQ724935.1.fasta	72735a7e76d33ff44c3af887ce789614188bd96d1e9f83e7ebdbcc98704640b1	"txid10298[Organism:exp] AND 145000:160000[SLEN] AND biomol_genomic[PROP] AND ""complete genome""[Title] NOT patent[PROP]"	2026-09-07T21:56:25Z
OQ724936.1	OQ724936	Human alphaherpesvirus 1	10298	153186	0	0.0	BP-L9		USA: Miami FL	2009	Homo sapiens	OS Eyelid	Human alphaherpesvirus 1 strain BP-L9, complete genome	complete	False	data/raw/OQ724936.1.fasta	1a19f187ae6c6feaabacf751172d57a71867cdffe347a9a4379d81d9cda58d5f	"txid10298[Organism:exp] AND 145000:160000[SLEN] AND biomol_genomic[PROP] AND ""complete genome""[Title] NOT patent[PROP]"	2026-09-07T21:56:25Z
OQ724938.1	OQ724938	Human alphaherpesvirus 1	10298	153572	0	0.0	BP-L11		USA: Miami FL	2010	Homo sapiens	OS Eyelid	Human alphaherpesvirus 1 strain BP-L11, complete genome	complete	False	data/raw/OQ724938.1.fasta	0d5d0a072ded762b449bb83029f59c0b2bb57684b07e98bcbf2d6ea65853d51b	"txid10298[Organism:exp] AND 145000:160000[SLEN] AND biomol_genomic[PROP] AND ""complete genome""[Title] NOT patent[PROP]"	2026-09-07T21:56:25Z
OQ724939.1	OQ724939	Human alphaherpesvirus 1	10298	153916	0	0.0	BP-L12		USA: Miami FL	2010	Homo sapiens	OD Eyelid	Human alphaherpesvirus 1 strain BP-L12, complete genome	complete	False	data/raw/OQ724939.1.fasta	0d471db6bdaf523e56453b75b810d90b3419dacf9ceb0fc54df2484d5c2f043d	"txid10298[Organism:exp] AND 145000:160000[SLEN] AND biomol_genomic[PROP] AND ""complete genome""[Title] NOT patent[PROP]"	2026-09-07T21:56:25Z
OQ724940.1	OQ724940	Human alphaherpesvirus 1	10298	152962	0	0.0	BP-L13		USA: Miami FL	2011	Homo sapiens	OD Eyelid	Human alphaherpesvirus 1 strain BP-L13, complete genome	complete	False	data/raw/OQ724940.1.fasta	f475a8a1db87682fdfa390f6442c30adc682c18c95b561bd75828a51ecc9d70e	"txid10298[Organism:exp] AND 145000:160000[SLEN] AND biomol_genomic[PROP] AND ""complete genome""[Title] NOT patent[PROP]"	2026-09-07T21:56:25Z
OQ724941.1	OQ724941	Human alphaherpesvirus 1	10298	152371	0	0.0	BP-L14		USA: Miami FL	2012	Homo sapiens	OD Eyelid	Human alphaherpesvirus 1 strain BP-L14, complete genome	complete	False	data/raw/OQ724941.1.fasta	bcbd752acc74d83cf9ec12c92e53c7d5a27cf12210bc3ef3e60c90df415a439b	"txid10298[Organism:exp] AND 145000:160000[SLEN] AND biomol_genomic[PROP] AND ""complete genome""[Title] NOT patent[PROP]"	2026-09-07T21:56:25Z
OR405519.1	OR405519	Human alphaherpesvirus 1	10298	157769	0	0.0							Mutant Human alphaherpesvirus 1 clone recombinant UL34(CL13) SUP7, complete genome	complete	False	data/raw/OR405519.1.fasta	06d78b6cfd80bb4bf3ae8c8ff4216f5ef1d5bcc4e74e59889c1d354806bfaef2	"txid10298[Organism:exp] AND 145000:160000[SLEN] AND biomol_genomic[PROP] AND ""complete genome""[Title] NOT patent[PROP]"	2026-09-07T21:56:25Z
OR723971.1	OR723971	Human alphaherpesvirus 1	10298	152106	0	0.0		dsncRNA12	USA	2021	Homo sapiens		Mutant Human alphaherpesvirus 1 isolate dsncRNA12, complete genome	complete	False	data/raw/OR723971.1.fasta	14613033e53790fca6dddb9c7b2418c28aa1db6c794aae732a3cf3b6912c5fc3	"txid10298[Organism:exp] AND 145000:160000[SLEN] AND biomol_genomic[PROP] AND ""complete genome""[Title] NOT patent[PROP]"	2026-09-07T21:56:25Z
OR771672.1	OR771672	Human alphaherpesvirus 1	10298	150875	242	0.00160398		HSV1/USA/WA-UW-1B4/2020	USA	Mar-2020	Homo sapiens		Human alphaherpesvirus 1 isolate HSV1/USA/WA-UW-1B4/2020, complete genome	complete	False	data/raw/OR771672.1.fasta	e9883fe00f4f5d262e56550988e0aef49645104e37db65e3d16e1c53dd4c7794	"txid10298[Organism:exp] AND 145000:160000[SLEN] AND biomol_genomic[PROP] AND ""complete genome""[Title] NOT patent[PROP]"	2026-09-07T21:56:25Z
OR771685.1	OR771685	Human alphaherpesvirus 1	10298	151357	88	0.00058141		HSV1/USA/WA-UW-2L9/2020	USA	Jan-2020	Homo sapiens		Human alphaherpesvirus 1 isolate HSV1/USA/WA-UW-2L9/2020, complete genome	complete	False	data/raw/OR771685.1.fasta	37f59e9dbaeab1d0fa2158734de3186e04897068ac328bbe30feb6dc2b432a02	"txid10298[Organism:exp] AND 145000:160000[SLEN] AND biomol_genomic[PROP] AND ""complete genome""[Title] NOT patent[PROP]"	2026-09-07T21:56:25Z
OZ348666.1	OZ348666	Human alphaherpesvirus 1	10298	152155	3965	0.02605895		137	Germany				Human alphaherpesvirus 1 isolate 137 genome assembly, complete genome: monopartite	complete	False	data/raw/OZ348666.1.fasta	4c3bb12cfb943491b322292163ad68fb35fea9ca1ca666dceb445689a0aa5ed9	"txid10298[Organism:exp] AND 145000:160000[SLEN] AND biomol_genomic[PROP] AND ""complete genome""[Title] NOT patent[PROP]"	2026-09-07T21:56:25Z
OZ348811.1	OZ348811	Human alphaherpesvirus 1	10298	151644	3799	0.0250521		138	Germany				Human alphaherpesvirus 1 isolate 138 genome assembly, complete genome: monopartite	complete	False	data/raw/OZ348811.1.fasta	761fa633a223c1c5aedaa52d42a175f90b8bc78ea01c51ee2159849c6fc565bc	"txid10298[Organism:exp] AND 145000:160000[SLEN] AND biomol_genomic[PROP] AND ""complete genome""[Title] NOT patent[PROP]"	2026-09-07T21:56:25Z
OZ348988.1	OZ348988	Human alphaherpesvirus 1	10298	151781	3950	0.02602434		140	Germany				Human alphaherpesvirus 1 isolate 140 genome assembly, complete genome: monopartite	complete	False	data/raw/OZ348988.1.fasta	56f73174ca2f3e2f07ce58874a2e111ed892e4b99f446f0c738f340602de23c9	"txid10298[Organism:exp] AND 145000:160000[SLEN] AND biomol_genomic[PROP] AND ""complete genome""[Title] NOT patent[PROP]"	2026-09-07T21:56:25Z
OZ348992.1	OZ348992	Human alphaherpesvirus 1	10298	152154	3966	0.0260657		136	Germany				Human alphaherpesvirus 1 isolate 136 genome assembly, complete genome: monopartite	complete	False	data/raw/OZ348992.1.fasta	01f2de3f4d1cd4bbd531f493d067850e35ef8f1c56708cdd3884b4f14797fc94	"txid10298[Organism:exp] AND 145000:160000[SLEN] AND biomol_genomic[PROP] AND ""complete genome""[Title] NOT patent[PROP]"	2026-09-07T21:56:25Z
OZ349004.1	OZ349004	Human alphaherpesvirus 1	10298	151741	3695	0.0243507		139	Germany				Human alphaherpesvirus 1 isolate 139 genome assembly, complete genome: monopartite	complete	False	data/raw/OZ349004.1.fasta	ff76ee8aec1a2dc6ab2c184e99a45c0aab55bd2020cdede5c0bd302a6f62e59f	"txid10298[Organism:exp] AND 145000:160000[SLEN] AND biomol_genomic[PROP] AND ""complete genome""[Title] NOT patent[PROP]"	2026-09-07T21:56:25Z
PQ569920.1	PQ569920	Human alphaherpesvirus 1	10298	151817	0	0.0		MacIntyre	Spain	26-Sep-2007			Human alphaherpesvirus 1 isolate MacIntyre, complete genome	complete	False	data/raw/PQ569920.1.fasta	57cf7e5cda21da4aeb4c074ca8ef8cf6da0e6f043d8eaf602cacd2a7601c02d7	"txid10298[Organism:exp] AND 145000:160000[SLEN] AND biomol_genomic[PROP] AND ""complete genome""[Title] NOT patent[PROP]"	2026-09-07T21:56:25Z
PV146402.1	PV146402	Human alphaherpesvirus 1	10298	150552	0	0.0	SJZ196/2019		China	2019	Homo sapiens	throat	Human alphaherpesvirus 1 strain SJZ196/2019, complete genome	complete	False	data/raw/PV146402.1.fasta	5d2015ef1064974469c95b72132fb4ab0fc38b8f7927e36d44daaed526b6ba4a	"txid10298[Organism:exp] AND 145000:160000[SLEN] AND biomol_genomic[PROP] AND ""complete genome""[Title] NOT patent[PROP]"	2026-09-07T21:56:25Z
PV146403.1	PV146403	Human alphaherpesvirus 1	10298	150609	0	0.0	GZ291/2015		China	2015	Homo sapiens		Human alphaherpesvirus 1 strain GZ291/2015, complete genome	complete	False	data/raw/PV146403.1.fasta	5a7bd3b5c3731aa7444b8a06bb13252b977cfbb7e8499175dd7174a7373f1cc3	"txid10298[Organism:exp] AND 145000:160000[SLEN] AND biomol_genomic[PROP] AND ""complete genome""[Title] NOT patent[PROP]"	2026-09-07T21:56:25Z
PX763612.1	PX763612	Human alphaherpesvirus 1	10298	153693	223	0.00145094							Mutant Human alphaherpesvirus 1 clone GFP-McKrae_v27, complete genome	complete	False	data/raw/PX763612.1.fasta	c4350ea383d04eb8c7e7978c65dec34a1f2a9a9dbea80ab891a86de18f8fa9c7	"txid10298[Organism:exp] AND 145000:160000[SLEN] AND biomol_genomic[PROP] AND ""complete genome""[Title] NOT patent[PROP]"	2026-09-07T21:56:25Z
PX969520.1	PX969520	Human alphaherpesvirus 1	10298	152247	230	0.0015107							Mutant Human alphaherpesvirus 1 clone McKrae-dsncRNA2, complete genome	complete	False	data/raw/PX969520.1.fasta	18e38255c25d674bf75bb5064e70f11611dcb97441be6f569aad116ff9ecb436	"txid10298[Organism:exp] AND 145000:160000[SLEN] AND biomol_genomic[PROP] AND ""complete genome""[Title] NOT patent[PROP]"	2026-09-07T21:56:25Z
PZ169677.1	PZ169677	Human alphaherpesvirus 1	10298	150736	8	5.307e-05	A_d6_skin_culture		USA	2009/2016	Homo sapiens		Human alphaherpesvirus 1 strain A_d6_skin_culture, complete genome	complete	False	data/raw/PZ169677.1.fasta	949640140621034cadffd8ecbc4f84df909d57b7ed3fe0830e96bc1fc4731b2e	"txid10298[Organism:exp] AND 145000:160000[SLEN] AND biomol_genomic[PROP] AND ""complete genome""[Title] NOT patent[PROP]"	2026-09-07T21:56:25Z
PZ169678.1	PZ169678	Human alphaherpesvirus 1	10298	150663	8	5.31e-05	A_d6_skin		USA	2009/2016	Homo sapiens		Human alphaherpesvirus 1 strain A_d6_skin, complete genome	complete	False	data/raw/PZ169678.1.fasta	8fdaea5b0a57d555e0517c4502a8f750e5abf44df930ad592dcdda022a92ea4d	"txid10298[Organism:exp] AND 145000:160000[SLEN] AND biomol_genomic[PROP] AND ""complete genome""[Title] NOT patent[PROP]"	2026-09-07T21:56:25Z
PZ169679.1	PZ169679	Human alphaherpesvirus 1	10298	150493	8	5.316e-05	A_d6_swab_culture		USA	2009/2016	Homo sapiens		Human alphaherpesvirus 1 strain A_d6_swab_culture, complete genome	complete	False	data/raw/PZ169679.1.fasta	bdffab2551675136f239affb45017cc342463e7c24572ef40caeabcebbdc0d6d	"txid10298[Organism:exp] AND 145000:160000[SLEN] AND biomol_genomic[PROP] AND ""complete genome""[Title] NOT patent[PROP]"	2026-09-07T21:56:25Z
PZ169681.1	PZ169681	Human alphaherpesvirus 1	10298	150698	8	5.309e-05	A_d7_eye_culture		USA	2009/2016	Homo sapiens		Human alphaherpesvirus 1 strain A_d7_eye_culture, complete genome	complete	False	data/raw/PZ169681.1.fasta	abf433f7bf5404f710ff1e7e1afdb95fe04564d752bfd5be63f261ae3a9c36e6	"txid10298[Organism:exp] AND 145000:160000[SLEN] AND biomol_genomic[PROP] AND ""complete genome""[Title] NOT patent[PROP]"	2026-09-07T21:56:25Z
PZ169683.1	PZ169683	Human alphaherpesvirus 1	10298	149922	8	5.336e-05	A_d7_plasma		USA	2009/2016	Homo sapiens		Human alphaherpesvirus 1 strain A_d7_plasma, complete genome	complete	False	data/raw/PZ169683.1.fasta	6e448b0faf01a52e98441fb08d6c1ce0f474d62a2d638c1aecc45c6f68eb2b4c	"txid10298[Organism:exp] AND 145000:160000[SLEN] AND biomol_genomic[PROP] AND ""complete genome""[Title] NOT patent[PROP]"	2026-09-07T21:56:25Z
PZ169687.1	PZ169687	Human alphaherpesvirus 1	10298	151207	14	9.259e-05	X_d8_skin		USA	2009/2016	Homo sapiens		Human alphaherpesvirus 1 strain X_d8_skin, complete genome	complete	False	data/raw/PZ169687.1.fasta	2e2c22ffbe7dcca4421126f05e3b3544f74816dfb2bde26553c9642f538bd969	"txid10298[Organism:exp] AND 145000:160000[SLEN] AND biomol_genomic[PROP] AND ""complete genome""[Title] NOT patent[PROP]"	2026-09-07T21:56:25Z
PZ169688.1	PZ169688	Human alphaherpesvirus 1	10298	152571	4	2.622e-05	Y_d8_eye		USA	2009/2016	Homo sapiens		Human alphaherpesvirus 1 strain Y_d8_eye, complete genome	complete	False	data/raw/PZ169688.1.fasta	bb9674f84e04485908cc2c98046f56658859b97d3ce7eddb4c2a0792d964d73b	"txid10298[Organism:exp] AND 145000:160000[SLEN] AND biomol_genomic[PROP] AND ""complete genome""[Title] NOT patent[PROP]"	2026-09-07T21:56:25Z
PZ169689.1	PZ169689	Human alphaherpesvirus 1	10298	150583	8	5.313e-05	Y_d8_skin_culture		USA	2009/2016	Homo sapiens		Human alphaherpesvirus 1 strain Y_d8_skin_culture, complete genome	complete	False	data/raw/PZ169689.1.fasta	8f69e621ba17342f0add458419baa54e874755325e84eab19f8533ceef6f8131	"txid10298[Organism:exp] AND 145000:160000[SLEN] AND biomol_genomic[PROP] AND ""complete genome""[Title] NOT patent[PROP]"	2026-09-07T21:56:25Z
PZ169690.1	PZ169690	Human alphaherpesvirus 1	10298	152426	5	3.28e-05	Y_d8_skin		USA	2009/2016	Homo sapiens		Human alphaherpesvirus 1 strain Y_d8_skin, complete genome	complete	False	data/raw/PZ169690.1.fasta	775e21eae4264826ceeb312bcc9520593a1a12ffd00bfaa63e053e72aa038523	"txid10298[Organism:exp] AND 145000:160000[SLEN] AND biomol_genomic[PROP] AND ""complete genome""[Title] NOT patent[PROP]"	2026-09-07T21:56:25Z
PZ169693.1	PZ169693	Human alphaherpesvirus 1	10298	150277	7	4.658e-05	W_d15_skin_culture		USA	2009/2016	Homo sapiens		Human alphaherpesvirus 1 strain W_d15_skin_culture, complete genome	complete	False	data/raw/PZ169693.1.fasta	478bf6d6b503d537531ea13f89ebfe5a86b9449594cc9333c141fbc807f66b24	"txid10298[Organism:exp] AND 145000:160000[SLEN] AND biomol_genomic[PROP] AND ""complete genome""[Title] NOT patent[PROP]"	2026-09-07T21:56:25Z
PZ169694.1	PZ169694	Human alphaherpesvirus 1	10298	150207	7	4.66e-05	W_d15_skin		USA	2009/2016	Homo sapiens		Human alphaherpesvirus 1 strain W_d15_skin, complete genome	complete	False	data/raw/PZ169694.1.fasta	4f2732300dca9346cd5867775abc17acf6d3df5b5e7cc632932d7484134a41e2	"txid10298[Organism:exp] AND 145000:160000[SLEN] AND biomol_genomic[PROP] AND ""complete genome""[Title] NOT patent[PROP]"	2026-09-07T21:56:25Z
PZ169695.1	PZ169695	Human alphaherpesvirus 1	10298	150431	11	7.312e-05	B_d8_plasma_culture		USA	2009/2016	Homo sapiens		Human alphaherpesvirus 1 strain B_d8_plasma_culture, complete genome	complete	False	data/raw/PZ169695.1.fasta	df606e2a0139f3d6ca56557f9866185c989d07cb75a40c0dbf115de40e90a2ae	"txid10298[Organism:exp] AND 145000:160000[SLEN] AND biomol_genomic[PROP] AND ""complete genome""[Title] NOT patent[PROP]"	2026-09-07T21:56:25Z
PZ169696.1	PZ169696	Human alphaherpesvirus 1	10298	151056	3	1.986e-05	B_d8_plasma		USA	2009/2016	Homo sapiens		Human alphaherpesvirus 1 strain B_d8_plasma, complete genome	complete	False	data/raw/PZ169696.1.fasta	c675a4b76d40a56a30dc45bf8a3e473e6342d45d77adb81532f687a4ec03a7fc	"txid10298[Organism:exp] AND 145000:160000[SLEN] AND biomol_genomic[PROP] AND ""complete genome""[Title] NOT patent[PROP]"	2026-09-07T21:56:25Z
PZ169698.1	PZ169698	Human alphaherpesvirus 1	10298	150642	4	2.655e-05	B_d9_pharynx		USA	2009/2016	Homo sapiens		Human alphaherpesvirus 1 strain B_d9_pharynx, complete genome	complete	False	data/raw/PZ169698.1.fasta	dfda3ea5ff85c3aa40c524a981ddc750fbc36c0d62d3f2d62925353c5fff17f6	"txid10298[Organism:exp] AND 145000:160000[SLEN] AND biomol_genomic[PROP] AND ""complete genome""[Title] NOT patent[PROP]"	2026-09-07T21:56:25Z
PZ169709.1	PZ169709	Human alphaherpesvirus 1	10298	150287	3	1.996e-05	D_d12_skin_culture		USA	2009/2016	Homo sapiens		Human alphaherpesvirus 1 strain D_d12_skin_culture, complete genome	complete	False	data/raw/PZ169709.1.fasta	51973724e2f1b9bbd39e04a8e38c66d81e2fcf4662659a4129e92f39f1a81aa4	"txid10298[Organism:exp] AND 145000:160000[SLEN] AND biomol_genomic[PROP] AND ""complete genome""[Title] NOT patent[PROP]"	2026-09-07T21:56:25Z
PZ169710.1	PZ169710	Human alphaherpesvirus 1	10298	150681	6	3.982e-05	D_d12_skin		USA	2009/2016	Homo sapiens		Human alphaherpesvirus 1 strain D_d12_skin, complete genome	complete	False	data/raw/PZ169710.1.fasta	25d48168c3b6c999daed771a591f3e8425b11ff134d7d09da5e1b593d24bd134	"txid10298[Organism:exp] AND 145000:160000[SLEN] AND biomol_genomic[PROP] AND ""complete genome""[Title] NOT patent[PROP]"	2026-09-07T21:56:25Z
PZ169711.1	PZ169711	Human alphaherpesvirus 1	10298	150403	8	5.319e-05	F_d10_plasma_culture		USA	2009/2016	Homo sapiens		Human alphaherpesvirus 1 strain F_d10_plasma_culture, complete genome	complete	False	data/raw/PZ169711.1.fasta	6f73dc705421951bd7758fa34255179797357b159a94de7f1b5f11a8141f222a	"txid10298[Organism:exp] AND 145000:160000[SLEN] AND biomol_genomic[PROP] AND ""complete genome""[Title] NOT patent[PROP]"	2026-09-07T21:56:25Z
PZ169713.1	PZ169713	Human alphaherpesvirus 1	10298	150753	8	5.307e-05	Z_d9_eye_culture		USA	2009/2016	Homo sapiens		Human alphaherpesvirus 1 strain Z_d9_eye_culture, complete genome	complete	False	data/raw/PZ169713.1.fasta	282908dc40818ca00905a74ba99021636741b839329f7ad696e76cae3b116e68	"txid10298[Organism:exp] AND 145000:160000[SLEN] AND biomol_genomic[PROP] AND ""complete genome""[Title] NOT patent[PROP]"	2026-09-07T21:56:25Z
PZ169716.1	PZ169716	Human alphaherpesvirus 1	10298	150594	10	6.64e-05	Z_d10_culture						Human alphaherpesvirus 1 strain Z_d10_culture, complete genome	complete	False	data/raw/PZ169716.1.fasta	6a063b45f096a9f73350bfbd1d379feeaa5f8fe5b3dd1c286b629e04dc282a44	"txid10298[Organism:exp] AND 145000:160000[SLEN] AND biomol_genomic[PROP] AND ""complete genome""[Title] NOT patent[PROP]"	2026-09-07T21:56:25Z
PZ169717.1	PZ169717	Human alphaherpesvirus 1	10298	150427	8	5.318e-05	Z_d10_skin		USA	2009/2016	Homo sapiens		Human alphaherpesvirus 1 strain Z_d10_skin, complete genome	complete	False	data/raw/PZ169717.1.fasta	1690d851997b4b7249a081c3b99f35bbb1874790916f3cff80a5c585611977e6	"txid10298[Organism:exp] AND 145000:160000[SLEN] AND biomol_genomic[PROP] AND ""complete genome""[Title] NOT patent[PROP]"	2026-09-07T21:56:25Z
PZ169719.1	PZ169719	Human alphaherpesvirus 1	10298	150670	8	5.31e-05	Z_d40_skin_culture		USA	2009/2016	Homo sapiens		Human alphaherpesvirus 1 strain Z_d40_skin_culture, complete genome	complete	False	data/raw/PZ169719.1.fasta	bdc3864406a4b11d8ab04736113b61f1ae93daaa81c85a10343c77b30e2899e5	"txid10298[Organism:exp] AND 145000:160000[SLEN] AND biomol_genomic[PROP] AND ""complete genome""[Title] NOT patent[PROP]"	2026-09-07T21:56:25Z
X14112.1	X14112	Human alphaherpesvirus 1	10298	152261	0	0.0	17						Human herpesvirus 1 complete genome	complete	False	data/raw/X14112.1.fasta	5e4b709f59cef41b71039cf15b18a65e6fa99caed255025f0d616d2baf9cb775	"txid10298[Organism:exp] AND 145000:160000[SLEN] AND biomol_genomic[PROP] AND ""complete genome""[Title] NOT patent[PROP]"	2026-09-07T21:56:25Z
