label	k	p_escape	guides
baseline	1	0.00475423268917531	UL19_36407+
baseline	2	2.260272846282309e-05	UL19_36407+;UL19_37448-
baseline	3	1.074586305225068e-07	UL19_36407+;UL19_37448-;UL19_37908+
baseline	4	5.108833339641135e-10	UL19_36407+;UL19_37448-;UL19_37908+;UL19_38322+
baseline	5	2.4288582466870552e-12	UL19_36407+;UL19_37448-;UL19_37908+;UL19_38322+;UL19_39276+
baseline	6	1.154735727377263e-14	UL19_36407+;UL19_37448-;UL19_37908+;UL19_38322+;UL19_39276+;UL29_58709-
tol_variable=0.1	1	0.00475423268917531	UL19_36407+
tol_variable=0.1	2	2.260272846282309e-05	UL19_36407+;UL19_37448-
tol_variable=0.1	3	1.074586305225068e-07	UL19_36407+;UL19_37448-;UL19_37908+
tol_variable=0.1	4	5.108833339641135e-10	UL19_36407+;UL19_37448-;UL19_37908+;UL19_38322+
tol_variable=0.1	5	2.4288582466870552e-12	UL19_36407+;UL19_37448-;UL19_37908+;UL19_38322+;UL19_39276+
tol_variable=0.1	6	1.154735727377263e-14	UL19_36407+;UL19_37448-;UL19_37908+;UL19_38322+;UL19_39276+;UL29_58709-
tol_variable=0.25	1	0.00475423268917531	UL19_36407+
tol_variable=0.25	2	2.260272846282309e-05	UL19_36407+;UL19_37448-
tol_variable=0.25	3	1.074586305225068e-07	UL19_36407+;UL19_37448-;UL19_37908+
tol_variable=0.25	4	5.108833339641135e-10	UL19_36407+;UL19_37448-;UL19_37908+;UL19_38322+
tol_variable=0.25	5	2.4288582466870552e-12	UL19_36407+;UL19_37448-;UL19_37908+;UL19_38322+;UL19_39276+
tol_variable=0.25	6	1.154735727377263e-14	UL19_36407+;UL19_37448-;UL19_37908+;UL19_38322+;UL19_39276+;UL29_58709-
tol_variable=0.5	1	0.00475423268917531	UL19_36407+
tol_variable=0.5	2	2.260272846282309e-05	UL19_36407+;UL19_37448-
tol_variable=0.5	3	1.074586305225068e-07	UL19_36407+;UL19_37448-;UL19_37908+
tol_variable=0.5	4	5.108833339641135e-10	UL19_36407+;UL19_37448-;UL19_37908+;UL19_38322+
tol_variable=0.5	5	2.4288582466870552e-12	UL19_36407+;UL19_37448-;UL19_37908+;UL19_38322+;UL19_39276+
tol_variable=0.5	6	1.154735727377263e-14	UL19_36407+;UL19_37448-;UL19_37908+;UL19_38322+;UL19_39276+;UL29_58709-
tol_variable=0.75	1	0.00475423268917531	UL19_36407+
tol_variable=0.75	2	2.260272846282309e-05	UL19_36407+;UL19_37448-
tol_variable=0.75	3	1.074586305225068e-07	UL19_36407+;UL19_37448-;UL19_37908+
tol_variable=0.75	4	5.108833339641135e-10	UL19_36407+;UL19_37448-;UL19_37908+;UL19_38322+
tol_variable=0.75	5	2.4288582466870552e-12	UL19_36407+;UL19_37448-;UL19_37908+;UL19_38322+;UL19_39276+
tol_variable=0.75	6	1.154735727377263e-14	UL19_36407+;UL19_37448-;UL19_37908+;UL19_38322+;UL19_39276+;UL29_58709-
tol_variable=1	1	0.00475423268917531	UL19_36407+
tol_variable=1	2	2.260272846282309e-05	UL19_36407+;UL19_37448-
tol_variable=1	3	1.074586305225068e-07	UL19_36407+;UL19_37448-;UL19_37908+
tol_variable=1	4	5.108833339641135e-10	UL19_36407+;UL19_37448-;UL19_37908+;UL19_38322+
tol_variable=1	5	2.4288582466870552e-12	UL19_36407+;UL19_37448-;UL19_37908+;UL19_38322+;UL19_39276+
tol_variable=1	6	1.154735727377263e-14	UL19_36407+;UL19_37448-;UL19_37908+;UL19_38322+;UL19_39276+;UL29_58709-
tol_invariant=0.001	1	9.277860051500884e-05	UL19_36407+
tol_invariant=0.001	2	8.607868713523585e-09	UL19_36407+;UL19_37448-
tol_invariant=0.001	3	7.986260126576489e-13	UL19_36407+;UL19_37448-;UL19_37908+
tol_invariant=0.001	4	7.409540378925835e-17	UL19_36407+;UL19_37448-;UL19_37908+;UL19_38322+
tol_invariant=0.001	5	6.874467868161873e-21	UL19_36407+;UL19_37448-;UL19_37908+;UL19_38322+;UL19_38637+
tol_invariant=0.001	6	6.3780350809345495e-25	UL19_36407+;UL19_37448-;UL19_37908+;UL19_38322+;UL19_38637+;UL19_38926+
tol_invariant=0.01	1	0.0009319266173116839	UL19_36407+
tol_invariant=0.01	2	8.684872200539955e-07	UL19_36407+;UL19_37448-
tol_invariant=0.01	3	8.093663571633497e-10	UL19_36407+;UL19_37448-;UL19_37908+
tol_invariant=0.01	4	7.542700513971204e-13	UL19_36407+;UL19_37448-;UL19_37908+;UL19_38322+
tol_invariant=0.01	5	7.02924337538028e-16	UL19_36407+;UL19_37448-;UL19_37908+;UL19_38322+;UL19_39276+
tol_invariant=0.01	6	6.55073900107871e-19	UL19_36407+;UL19_37448-;UL19_37908+;UL19_38322+;UL19_39276+;UL29_58709-
tol_invariant=0.05	1	0.00475423268917531	UL19_36407+
tol_invariant=0.05	2	2.260272846282309e-05	UL19_36407+;UL19_37448-
tol_invariant=0.05	3	1.074586305225068e-07	UL19_36407+;UL19_37448-;UL19_37908+
tol_invariant=0.05	4	5.108833339641135e-10	UL19_36407+;UL19_37448-;UL19_37908+;UL19_38322+
tol_invariant=0.05	5	2.4288582466870552e-12	UL19_36407+;UL19_37448-;UL19_37908+;UL19_38322+;UL19_39276+
tol_invariant=0.05	6	1.154735727377263e-14	UL19_36407+;UL19_37448-;UL19_37908+;UL19_38322+;UL19_39276+;UL29_58709-
tol_invariant=0.15	1	0.015032798097764477	UL19_36407+
tol_invariant=0.15	2	0.0002259850186481508	UL19_36407+;UL19_37448-
tol_invariant=0.15	3	3.397187158457199e-06	UL19_36407+;UL19_37448-;UL19_37908+
tol_invariant=0.15	4	5.106922865340541e-08	UL19_36407+;UL19_37448-;UL19_37908+;UL19_38322+
tol_invariant=0.15	5	7.677134033552121e-10	UL19_36407+;UL19_37448-;UL19_37908+;UL19_38322+;UL19_39276+
tol_invariant=0.15	6	1.1540880589586527e-11	UL19_36407+;UL19_37448-;UL19_37908+;UL19_38322+;UL19_39276+;UL29_58709-
tol_invariant=0.3	1	0.03276596490876227	UL19_36407+
tol_invariant=0.3	2	0.0010736084564022393	UL19_36407+;UL19_37448-
tol_invariant=0.3	3	3.5177817008226445e-05	UL19_36407+;UL19_37448-;UL19_39276+
tol_invariant=0.3	4	1.1526351176584428e-06	UL19_36407+;UL19_37448-;UL19_37908+;UL29_58709-
tol_invariant=0.3	5	3.776720181780361e-08	UL19_36407+;UL19_37448-;UL19_37908+;UL29_58709-;UL30_64599+
tol_invariant=0.3	6	1.2374788094642961e-09	UL19_36407+;UL19_37448-;UL19_37908+;UL29_58709-;UL30_64599+;UL30_66318+
tol_invariant=0.5	1	0.062265886063616015	UL19_36407+
tol_invariant=0.5	2	0.003877040567287212	UL19_36407+;UL19_37448-
tol_invariant=0.5	3	0.00024140736622672238	UL19_36407+;UL19_37448-;UL19_37908+
tol_invariant=0.5	4	1.5031443560390714e-05	UL19_36407+;UL19_37448-;UL19_37908+;UL19_38322+
tol_invariant=0.5	5	9.359461521029628e-07	UL19_36407+;UL19_37448-;UL19_37908+;UL19_38322+;UL19_38637+
tol_invariant=0.5	6	5.8277516468522867e-08	UL19_36407+;UL19_37448-;UL19_37908+;UL19_38322+;UL19_38637+;UL19_38926+
min_variant_strains=1	1	0.00475423268917531	UL19_36407+
min_variant_strains=1	2	2.260272846282309e-05	UL19_36407+;UL19_37448-
min_variant_strains=1	3	1.074586305225068e-07	UL19_36407+;UL19_37448-;UL19_37908+
min_variant_strains=1	4	5.108833339641135e-10	UL19_36407+;UL19_37448-;UL19_37908+;UL19_38322+
min_variant_strains=1	5	2.4288582466870552e-12	UL19_36407+;UL19_37448-;UL19_37908+;UL19_38322+;UL19_39276+
min_variant_strains=1	6	1.154735727377263e-14	UL19_36407+;UL19_37448-;UL19_37908+;UL19_38322+;UL19_39276+;UL29_58709-
min_variant_strains=2	1	0.00475423268917531	UL19_36407+
min_variant_strains=2	2	2.260272846282309e-05	UL19_36407+;UL19_37448-
min_variant_strains=2	3	1.074586305225068e-07	UL19_36407+;UL19_37448-;UL19_37908+
min_variant_strains=2	4	5.108833339641135e-10	UL19_36407+;UL19_37448-;UL19_37908+;UL19_38322+
min_variant_strains=2	5	2.4288582466870552e-12	UL19_36407+;UL19_37448-;UL19_37908+;UL19_38322+;UL19_38926+
min_variant_strains=2	6	1.154735727377263e-14	UL19_36407+;UL19_37448-;UL19_37908+;UL19_38322+;UL19_38926+;UL19_39276+
min_variant_strains=3	1	0.00475423268917531	UL19_36407+
min_variant_strains=3	2	2.260272846282309e-05	UL19_36407+;UL19_37448-
min_variant_strains=3	3	1.074586305225068e-07	UL19_36407+;UL19_37448-;UL19_37908+
min_variant_strains=3	4	5.108833339641135e-10	UL19_36407+;UL19_37448-;UL19_37908+;UL19_38322+
min_variant_strains=3	5	2.4288582466870552e-12	UL19_36407+;UL19_37448-;UL19_37908+;UL19_38322+;UL19_38926+
min_variant_strains=3	6	1.154735727377263e-14	UL19_36407+;UL19_37448-;UL19_37908+;UL19_38322+;UL19_38926+;UL19_39276+
min_variant_strains=5	1	0.00475423268917531	UL19_36407+
min_variant_strains=5	2	2.260272846282309e-05	UL19_36407+;UL19_37448-
min_variant_strains=5	3	1.074586305225068e-07	UL19_36407+;UL19_37448-;UL19_37908+
min_variant_strains=5	4	5.108833339641135e-10	UL19_36407+;UL19_37448-;UL19_37908+;UL19_38322+
min_variant_strains=5	5	2.4288582466870552e-12	UL19_36407+;UL19_37448-;UL19_37908+;UL19_38322+;UL19_38926+
min_variant_strains=5	6	1.154735727377263e-14	UL19_36407+;UL19_37448-;UL19_37908+;UL19_38322+;UL19_38926+;UL19_39276+
spectrum=default	1	0.00475423268917531	UL19_36407+
spectrum=default	2	2.260272846282309e-05	UL19_36407+;UL19_37448-
spectrum=default	3	1.074586305225068e-07	UL19_36407+;UL19_37448-;UL19_37908+
spectrum=default	4	5.108833339641135e-10	UL19_36407+;UL19_37448-;UL19_37908+;UL19_38322+
spectrum=default	5	2.4288582466870552e-12	UL19_36407+;UL19_37448-;UL19_37908+;UL19_38322+;UL19_39276+
spectrum=default	6	1.154735727377263e-14	UL19_36407+;UL19_37448-;UL19_37908+;UL19_38322+;UL19_39276+;UL29_58709-
spectrum=deletion-heavy	1	0.0034893632959552908	UL19_36407+
spectrum=deletion-heavy	2	1.2175656211159968e-05	UL19_36407+;UL19_37448-
spectrum=deletion-heavy	3	4.248528788739169e-08	UL19_36407+;UL19_37448-;UL19_37908+
spectrum=deletion-heavy	4	1.4824660417235844e-10	UL19_36407+;UL19_37448-;UL19_37908+;UL19_38322+
spectrum=deletion-heavy	5	5.172862593490399e-13	UL19_36407+;UL19_37448-;UL19_37908+;UL19_38322+;UL19_39276+
spectrum=deletion-heavy	6	1.8049996868745497e-15	UL19_36407+;UL19_37448-;UL19_37908+;UL19_38322+;UL19_39276+;UL29_58709-
spectrum=insertion-heavy	1	0.0029034650881819978	UL19_36407+
spectrum=insertion-heavy	2	8.430109518291697e-06	UL19_36407+;UL19_37448-
spectrum=insertion-heavy	3	2.4476528675910663e-08	UL19_36407+;UL19_37448-;UL19_37908+
spectrum=insertion-heavy	4	7.106674649039212e-11	UL19_36407+;UL19_37448-;UL19_37908+;UL19_38322+
spectrum=insertion-heavy	5	2.0633981736553402e-13	UL19_36407+;UL19_37448-;UL19_37908+;UL19_38322+;UL19_39276+
spectrum=insertion-heavy	6	5.991004560226772e-16	UL19_36407+;UL19_37448-;UL19_37908+;UL19_38322+;UL19_39276+;UL29_58709-
spectrum=short-indels	1	0.005640139785436828	UL19_36407+
spectrum=short-indels	2	3.1811176799267295e-05	UL19_36407+;UL19_37448-
spectrum=short-indels	3	1.794194838871128e-07	UL19_36407+;UL19_37448-;UL19_37908+
spectrum=short-indels	4	1.011950969354246e-09	UL19_36407+;UL19_37448-;UL19_37908+;UL19_38322+
spectrum=short-indels	5	5.707544923166247e-12	UL19_36407+;UL19_37448-;UL19_37908+;UL19_38322+;UL19_38637+
spectrum=short-indels	6	3.21913511983179e-14	UL19_36407+;UL19_37448-;UL19_37908+;UL19_38322+;UL19_38637+;UL19_38926+
spectrum=uniform-1to20	1	0.0026315789062500003	UL19_36407+
spectrum=uniform-1to20	2	6.925207539819939e-06	UL19_36407+;UL19_37448-
spectrum=uniform-1to20	3	1.8224230083193626e-08	UL19_36407+;UL19_37448-;UL19_37908+
spectrum=uniform-1to20	4	4.795849946957907e-11	UL19_36407+;UL19_37448-;UL19_37908+;UL19_38322+
spectrum=uniform-1to20	5	1.26206575579546e-13	UL19_36407+;UL19_37448-;UL19_37908+;UL19_38322+;UL19_38637+
spectrum=uniform-1to20	6	3.3212256212517974e-16	UL19_36407+;UL19_37448-;UL19_37908+;UL19_38322+;UL19_38637+;UL19_38926+
spectrum=neuronal_nhej	1	0.00182377194896739	UL19_36407+
spectrum=neuronal_nhej	2	3.3261441218403144e-06	UL19_36407+;UL19_37448-
spectrum=neuronal_nhej	3	6.066128347635142e-09	UL19_36407+;UL19_37448-;UL19_37908+
spectrum=neuronal_nhej	4	1.1063234719252874e-11	UL19_36407+;UL19_37448-;UL19_37908+;UL19_38322+
spectrum=neuronal_nhej	5	2.0176817145815528e-14	UL19_36407+;UL19_37448-;UL19_37908+;UL19_38322+;UL19_39276+
spectrum=neuronal_nhej	6	3.679791312998264e-17	UL19_36407+;UL19_37448-;UL19_37908+;UL19_38322+;UL19_39276+;UL29_58709-
inframe_fraction=0.1	1	0.002394218360970656	UL19_36407+
inframe_fraction=0.1	2	5.732281560009019e-06	UL19_36407+;UL19_37448-
inframe_fraction=0.1	3	1.3724333761227108e-08	UL19_36407+;UL19_37448-;UL19_37908+
inframe_fraction=0.1	4	3.285905188321941e-11	UL19_36407+;UL19_37448-;UL19_37908+;UL19_38322+
inframe_fraction=0.1	5	7.867174534289134e-14	UL19_36407+;UL19_37448-;UL19_37908+;UL19_38322+;UL19_39276+
inframe_fraction=0.1	6	1.883573371895583e-16	UL19_36407+;UL19_37448-;UL19_37908+;UL19_38322+;UL19_39276+;UL29_58709-
inframe_fraction=0.2	1	0.0047884367219413115	UL19_36407+
inframe_fraction=0.2	2	2.292912624003607e-05	UL19_36407+;UL19_37448-
inframe_fraction=0.2	3	1.0979467008981676e-07	UL19_36407+;UL19_37448-;UL19_37908+
inframe_fraction=0.2	4	5.257448301315102e-10	UL19_36407+;UL19_37448-;UL19_37908+;UL19_38322+
inframe_fraction=0.2	5	2.517495850972521e-12	UL19_36407+;UL19_37448-;UL19_37908+;UL19_38322+;UL19_39276+
inframe_fraction=0.2	6	1.2054869580131715e-14	UL19_36407+;UL19_37448-;UL19_37908+;UL19_38322+;UL19_39276+;UL29_58709-
inframe_fraction=0.25	1	0.0059855459024266405	UL19_36407+
inframe_fraction=0.25	2	3.582675975005635e-05	UL19_36407+;UL19_37448-
inframe_fraction=0.25	3	2.1444271501917347e-07	UL19_36407+;UL19_37448-;UL19_37908+
inframe_fraction=0.25	4	1.2835567141882577e-09	UL19_36407+;UL19_37448-;UL19_37908+;UL19_38322+
inframe_fraction=0.25	5	7.68278763114173e-12	UL19_36407+;UL19_37448-;UL19_37908+;UL19_38322+;UL19_39276+
inframe_fraction=0.25	6	4.5985678024794444e-14	UL19_36407+;UL19_37448-;UL19_37908+;UL19_38322+;UL19_39276+;UL29_58709-
inframe_fraction=0.33	1	0.007900920591203172	UL19_36407+
inframe_fraction=0.33	2	6.242454618849824e-05	UL19_36407+;UL19_37448-
inframe_fraction=0.33	3	4.932113823772189e-07	UL19_36407+;UL19_37448-;UL19_37908+
inframe_fraction=0.33	4	3.896823966839947e-09	UL19_36407+;UL19_37448-;UL19_37908+;UL19_38322+
inframe_fraction=0.33	5	3.078849671989975e-11	UL19_36407+;UL19_37448-;UL19_37908+;UL19_38322+;UL19_39276+
inframe_fraction=0.33	6	2.4325746770644725e-13	UL19_36407+;UL19_37448-;UL19_37908+;UL19_38322+;UL19_39276+;UL29_58709-
inframe_fraction=0.5	1	0.011971091804853281	UL19_36407+
inframe_fraction=0.5	2	0.0001433070390002254	UL19_36407+;UL19_37448-
inframe_fraction=0.5	3	1.7155417201533878e-06	UL19_36407+;UL19_37448-;UL19_37908+
inframe_fraction=0.5	4	2.0536907427012123e-08	UL19_36407+;UL19_37448-;UL19_37908+;UL19_38322+
inframe_fraction=0.5	5	2.4584920419653534e-10	UL19_36407+;UL19_37448-;UL19_37908+;UL19_38322+;UL19_39276+
inframe_fraction=0.5	6	2.9430833935868444e-12	UL19_36407+;UL19_37448-;UL19_37908+;UL19_38322+;UL19_39276+;UL29_58709-
repeat_model=redundant	1	0.00475423268917531	UL19_36407+
repeat_model=redundant	2	2.260272846282309e-05	UL19_36407+;UL19_37448-
repeat_model=redundant	3	1.074586305225068e-07	UL19_36407+;UL19_37448-;UL19_37908+
repeat_model=redundant	4	5.108833339641135e-10	UL19_36407+;UL19_37448-;UL19_37908+;UL19_38322+
repeat_model=redundant	5	2.4288582466870552e-12	UL19_36407+;UL19_37448-;UL19_37908+;UL19_38322+;UL19_39276+
repeat_model=redundant	6	1.154735727377263e-14	UL19_36407+;UL19_37448-;UL19_37908+;UL19_38322+;UL19_39276+;UL29_58709-
repeat_model=single	1	0.00475423268917531	UL19_36407+
repeat_model=single	2	2.260272846282309e-05	UL19_36407+;UL19_37448-
repeat_model=single	3	1.0745863052250799e-07	RL2_5080+;UL19_36407+;UL19_37448-
repeat_model=single	4	5.10883333964119e-10	RL2_5080+;UL19_36407+;UL19_37448-;UL19_37908+
repeat_model=single	5	2.4288582466870815e-12	RL2_5080+;UL19_36407+;UL19_37448-;UL19_37908+;UL19_38322+
repeat_model=single	6	1.1547357273772752e-14	RL2_5080+;UL19_36407+;UL19_37448-;UL19_37908+;UL19_38322+;UL19_39276+
repeat_model=all-copies	1	2.260272846282358e-05	RL2_5080+
repeat_model=all-copies	2	5.108833339803956e-10	RL2_3364+;RL2_5080+
repeat_model=all-copies	3	1.1547357274508436e-14	RL2_3364+;RL2_5080+;RL2_5335+
repeat_model=all-copies	4	5.489882342805433e-17	RL2_3364+;RL2_5080+;RL2_5335+;UL19_36407+
repeat_model=all-copies	5	2.610017809389193e-19	RL2_3364+;RL2_5080+;RL2_5335+;UL19_36407+;UL19_37448-
repeat_model=all-copies	6	1.2408631988727835e-21	RL2_3364+;RL2_5080+;RL2_5335+;UL19_36407+;UL19_37448-;UL19_37908+
RL2_frameshift_viability=0	1	0.00475423268917531	UL19_36407+
RL2_frameshift_viability=0	2	2.260272846282309e-05	UL19_36407+;UL19_37448-
RL2_frameshift_viability=0	3	1.074586305225068e-07	UL19_36407+;UL19_37448-;UL19_37908+
RL2_frameshift_viability=0	4	5.108833339641135e-10	UL19_36407+;UL19_37448-;UL19_37908+;UL19_38322+
RL2_frameshift_viability=0	5	2.4288582466870552e-12	UL19_36407+;UL19_37448-;UL19_37908+;UL19_38322+;UL19_39276+
RL2_frameshift_viability=0	6	1.154735727377263e-14	UL19_36407+;UL19_37448-;UL19_37908+;UL19_38322+;UL19_39276+;UL29_58709-
RL2_frameshift_viability=0.05	1	0.00475423268917531	UL19_36407+
RL2_frameshift_viability=0.05	2	2.260272846282309e-05	UL19_36407+;UL19_37448-
RL2_frameshift_viability=0.05	3	1.074586305225068e-07	UL19_36407+;UL19_37448-;UL19_37908+
RL2_frameshift_viability=0.05	4	5.108833339641135e-10	UL19_36407+;UL19_37448-;UL19_37908+;UL19_38322+
RL2_frameshift_viability=0.05	5	2.4288582466870552e-12	UL19_36407+;UL19_37448-;UL19_37908+;UL19_38322+;UL19_39276+
RL2_frameshift_viability=0.05	6	1.154735727377263e-14	UL19_36407+;UL19_37448-;UL19_37908+;UL19_38322+;UL19_39276+;UL29_58709-
RL2_frameshift_viability=0.25	1	0.00475423268917531	UL19_36407+
RL2_frameshift_viability=0.25	2	2.260272846282309e-05	UL19_36407+;UL19_37448-
RL2_frameshift_viability=0.25	3	1.074586305225068e-07	UL19_36407+;UL19_37448-;UL19_37908+
RL2_frameshift_viability=0.25	4	5.108833339641135e-10	UL19_36407+;UL19_37448-;UL19_37908+;UL19_38322+
RL2_frameshift_viability=0.25	5	2.4288582466870552e-12	UL19_36407+;UL19_37448-;UL19_37908+;UL19_38322+;UL19_39276+
RL2_frameshift_viability=0.25	6	1.154735727377263e-14	UL19_36407+;UL19_37448-;UL19_37908+;UL19_38322+;UL19_39276+;UL29_58709-
RL2_frameshift_viability=1	1	0.00475423268917531	UL19_36407+
RL2_frameshift_viability=1	2	2.260272846282309e-05	UL19_36407+;UL19_37448-
RL2_frameshift_viability=1	3	1.074586305225068e-07	UL19_36407+;UL19_37448-;UL19_37908+
RL2_frameshift_viability=1	4	5.108833339641135e-10	UL19_36407+;UL19_37448-;UL19_37908+;UL19_38322+
RL2_frameshift_viability=1	5	2.4288582466870552e-12	UL19_36407+;UL19_37448-;UL19_37908+;UL19_38322+;UL19_39276+
RL2_frameshift_viability=1	6	1.154735727377263e-14	UL19_36407+;UL19_37448-;UL19_37908+;UL19_38322+;UL19_39276+;UL29_58709-
p_disrupt=0.8	1	0.0038033861513402487	UL19_36407+
p_disrupt=0.8	2	1.4465746216206785e-05	UL19_36407+;UL19_37448-
p_disrupt=0.8	3	5.50188188275235e-08	UL19_36407+;UL19_37448-;UL19_37908+
p_disrupt=0.8	4	2.0925781359170094e-10	UL19_36407+;UL19_37448-;UL19_37908+;UL19_38322+
p_disrupt=0.8	5	7.958882702744148e-13	UL19_36407+;UL19_37448-;UL19_37908+;UL19_38322+;UL19_39276+
p_disrupt=0.8	6	3.0270704251758525e-15	UL19_36407+;UL19_37448-;UL19_37908+;UL19_38322+;UL19_39276+;UL29_58709-
p_disrupt=0.9	1	0.00427880942025778	UL19_36407+
p_disrupt=0.9	2	1.830821005488675e-05	UL19_36407+;UL19_37448-
p_disrupt=0.9	3	7.833734165090749e-08	UL19_36407+;UL19_37448-;UL19_37908+
p_disrupt=0.9	4	3.35190555413855e-10	UL19_36407+;UL19_37448-;UL19_37908+;UL19_38322+
p_disrupt=0.9	5	1.4342165060862402e-12	UL19_36407+;UL19_37448-;UL19_37908+;UL19_38322+;UL19_39276+
p_disrupt=0.9	6	6.136739096931004e-15	UL19_36407+;UL19_37448-;UL19_37908+;UL19_38322+;UL19_39276+;UL29_58709-
p_disrupt=1	1	0.00475423268917531	UL19_36407+
p_disrupt=1	2	2.260272846282309e-05	UL19_36407+;UL19_37448-
p_disrupt=1	3	1.074586305225068e-07	UL19_36407+;UL19_37448-;UL19_37908+
p_disrupt=1	4	5.108833339641135e-10	UL19_36407+;UL19_37448-;UL19_37908+;UL19_38322+
p_disrupt=1	5	2.4288582466870552e-12	UL19_36407+;UL19_37448-;UL19_37908+;UL19_38322+;UL19_39276+
p_disrupt=1	6	1.154735727377263e-14	UL19_36407+;UL19_37448-;UL19_37908+;UL19_38322+;UL19_39276+;UL29_58709-
