group	label	inframe_fraction	median_q_site	spearman_q_vs_baseline	top20_site_overlap_vs_baseline	p_escape_best_k1	p_escape_best_k2	p_escape_best_k3	p_escape_best_k4	p_escape_best_k5	p_escape_best_k6	min_k_below_0.001	min_k_below_1e-06	p_escape_amrani_pair	p_escape_baseline_best_k1	p_escape_baseline_best_k2	p_escape_baseline_best_k3	p_escape_baseline_best_k4	p_escape_baseline_best_k5	p_escape_baseline_best_k6	p_escape_baseline_best_k7	p_escape_baseline_best_k8	best_set_k1_matches_baseline	best_set_k2_matches_baseline	best_set_k3_matches_baseline	best_set_k4_matches_baseline	best_set_k5_matches_baseline	best_set_k6_matches_baseline
baseline	baseline	0.19857139042438315	0.004754232809534393	1.0	1.0	0.00475423268917531	2.260272846282309e-05	1.074586305225068e-07	5.108833339641135e-10	2.4288582466870552e-12	1.154735727377263e-14	2	3	0.0009719879026815389	0.00475423268917531	2.2602728462823098e-05	1.074586305225068e-07	5.108833339641135e-10	2.4288582466870552e-12	1.154735727377263e-14	5.489882342455611e-17	2.61001780922288e-19	True	True	True	True	True	True
tol_variable	tol_variable=0.1	0.19857139042438315	0.004754232702548481	0.996387207377215	0.9	0.00475423268917531	2.260272846282309e-05	1.074586305225068e-07	5.108833339641135e-10	2.4288582466870552e-12	1.154735727377263e-14	2	3	0.0009719780785082627	0.00475423268917531	2.2602728462823098e-05	1.074586305225068e-07	5.108833339641135e-10	2.4288582466870552e-12	1.154735727377263e-14	5.489882342455611e-17	2.61001780922288e-19	True	True	True	True	True	True
tol_variable	tol_variable=0.25	0.19857139042438315	0.004754232742668077	0.9965180843048548	0.9	0.00475423268917531	2.260272846282309e-05	1.074586305225068e-07	5.108833339641135e-10	2.4288582466870552e-12	1.154735727377263e-14	2	3	0.0009719817625734599	0.00475423268917531	2.2602728462823098e-05	1.074586305225068e-07	5.108833339641135e-10	2.4288582466870552e-12	1.154735727377263e-14	5.489882342455611e-17	2.61001780922288e-19	True	True	True	True	True	True
tol_variable	tol_variable=0.5	0.19857139042438315	0.004754232809534393	1.0	1.0	0.00475423268917531	2.260272846282309e-05	1.074586305225068e-07	5.108833339641135e-10	2.4288582466870552e-12	1.154735727377263e-14	2	3	0.0009719879026815389	0.00475423268917531	2.2602728462823098e-05	1.074586305225068e-07	5.108833339641135e-10	2.4288582466870552e-12	1.154735727377263e-14	5.489882342455611e-17	2.61001780922288e-19	True	True	True	True	True	True
tol_variable	tol_variable=0.75	0.19857139042438315	0.004754232876401206	0.9999980454221016	1.0	0.00475423268917531	2.260272846282309e-05	1.074586305225068e-07	5.108833339641135e-10	2.4288582466870552e-12	1.154735727377263e-14	2	3	0.0009719940427888796	0.00475423268917531	2.2602728462823098e-05	1.074586305225068e-07	5.108833339641135e-10	2.4288582466870552e-12	1.154735727377263e-14	5.489882342455611e-17	2.61001780922288e-19	True	True	True	True	True	True
tol_variable	tol_variable=1	0.19857139042438315	0.004754232943268627	0.9999960571560209	1.0	0.00475423268917531	2.260272846282309e-05	1.074586305225068e-07	5.108833339641135e-10	2.4288582466870552e-12	1.154735727377263e-14	2	3	0.0009720001828954847	0.00475423268917531	2.2602728462823098e-05	1.074586305225068e-07	5.108833339641135e-10	2.4288582466870552e-12	1.154735727377263e-14	5.489882342455611e-17	2.61001780922288e-19	True	True	True	True	True	True
tol_invariant	tol_invariant=0.001	0.19857139042438315	9.277860051500923e-05	0.9543455753223964	0.7	9.277860051500884e-05	8.607868713523585e-09	7.986260126576489e-13	7.409540378925835e-17	6.874467868161873e-21	6.3780350809345495e-25	1	2	1.8265544576356942e-05	9.277860051500884e-05	8.607868713523592e-09	7.986260126576489e-13	7.409540378925835e-17	6.874467868161873e-21	6.3780350809345495e-25	5.917451688447385e-29	5.490128862693244e-33	True	True	True	True	False	False
tol_invariant	tol_invariant=0.01	0.19857139042438315	0.0009319266173519646	0.9824069995415633	0.75	0.0009319266173116839	8.684872200539955e-07	8.093663571633497e-10	7.542700513971204e-13	7.02924337538028e-16	6.55073900107871e-19	1	2	0.00018474349809253823	0.0009319266173116839	8.684872200539972e-07	8.093663571633497e-10	7.542700513971204e-13	7.02924337538028e-16	6.55073900107871e-19	6.104808038166996e-22	5.689233104346146e-25	True	True	True	True	True	True
tol_invariant	tol_invariant=0.05	0.19857139042438315	0.004754232809534393	1.0	1.0	0.00475423268917531	2.260272846282309e-05	1.074586305225068e-07	5.108833339641135e-10	2.4288582466870552e-12	1.154735727377263e-14	2	3	0.0009719879026815389	0.00475423268917531	2.2602728462823098e-05	1.074586305225068e-07	5.108833339641135e-10	2.4288582466870552e-12	1.154735727377263e-14	5.489882342455611e-17	2.61001780922288e-19	True	True	True	True	True	True
tol_invariant	tol_invariant=0.15	0.19857139042438315	0.015032823361358196	0.9940469766006049	0.7	0.015032798097764477	0.0002259850186481508	3.397187158457199e-06	5.106922865340541e-08	7.677134033552121e-10	1.1540880589586527e-11	2	4	0.00332280261840721	0.015032798097764477	0.00022598501864815125	3.397187158457199e-06	5.106922865340541e-08	7.677134033552121e-10	1.1540880589586527e-11	1.7349172777366833e-13	2.608066115253874e-15	True	True	True	True	True	True
tol_invariant	tol_invariant=0.3	0.19857139042438315	0.03276651250440566	0.9838595547626318	0.35	0.03276596490876227	0.0010736084564022393	3.5177817008226445e-05	1.1526351176584428e-06	3.776720181780361e-08	1.2374788094642961e-09	3	5	0.0081675407693088	0.03276596490876227	0.0010736084564022409	3.51778170082275e-05	1.1526351176669027e-06	3.7767201818081015e-08	1.2374788094733854e-09	4.054718724807559e-11	1.328567714520769e-12	True	True	False	False	False	False
tol_invariant	tol_invariant=0.5	0.19857139042438315	0.062265886063615994	0.44060092917642074	0.4	0.062265886063616015	0.003877040567287212	0.00024140736622672238	1.5031443560390714e-05	9.359461521029628e-07	5.8277516468522867e-08	3	5	0.01836326489093732	0.062265886063616015	0.003877040567287209	0.00024140736622672238	1.5031443560390714e-05	9.359461521029628e-07	5.8277516468522867e-08	3.6287012004995522e-09	2.2594429550921153e-10	True	True	True	True	False	False
min_variant_strains	min_variant_strains=1	0.19857139042438315	0.004754232809534393	1.0	1.0	0.00475423268917531	2.260272846282309e-05	1.074586305225068e-07	5.108833339641135e-10	2.4288582466870552e-12	1.154735727377263e-14	2	3	0.0009719879026815389	0.00475423268917531	2.2602728462823098e-05	1.074586305225068e-07	5.108833339641135e-10	2.4288582466870552e-12	1.154735727377263e-14	5.489882342455611e-17	2.61001780922288e-19	True	True	True	True	True	True
min_variant_strains	min_variant_strains=2	0.19857139042438315	0.00475423268917531	0.712374200359724	0.7	0.00475423268917531	2.260272846282309e-05	1.074586305225068e-07	5.108833339641135e-10	2.4288582466870552e-12	1.154735727377263e-14	2	3	0.0009719879026815389	0.00475423268917531	2.2602728462823098e-05	1.074586305225068e-07	5.108833339641135e-10	2.4288582466870552e-12	1.154735727377263e-14	5.489882342455611e-17	2.61001780922288e-19	True	True	True	True	False	False
min_variant_strains	min_variant_strains=3	0.19857139042438315	0.00475423268917531	0.6383292860757039	0.6	0.00475423268917531	2.260272846282309e-05	1.074586305225068e-07	5.108833339641135e-10	2.4288582466870552e-12	1.154735727377263e-14	2	3	0.0009719879026815389	0.00475423268917531	2.2602728462823098e-05	1.074586305225068e-07	5.108833339641135e-10	2.4288582466870552e-12	1.154735727377263e-14	5.489882342455611e-17	2.61001780922288e-19	True	True	True	True	False	False
min_variant_strains	min_variant_strains=5	0.19857139042438315	0.00475423268917531	0.551552917550222	0.45	0.00475423268917531	2.260272846282309e-05	1.074586305225068e-07	5.108833339641135e-10	2.4288582466870552e-12	1.154735727377263e-14	2	3	0.0009719879026815387	0.00475423268917531	2.2602728462823098e-05	1.074586305225068e-07	5.108833339641135e-10	2.4288582466870552e-12	1.154735727377263e-14	5.489882342455611e-17	2.61001780922288e-19	True	True	True	True	False	False
indel_spectrum	spectrum=default	0.19857139042438315	0.004754232809534393	1.0	1.0	0.00475423268917531	2.260272846282309e-05	1.074586305225068e-07	5.108833339641135e-10	2.4288582466870552e-12	1.154735727377263e-14	2	3	0.0009719879026815389	0.00475423268917531	2.2602728462823098e-05	1.074586305225068e-07	5.108833339641135e-10	2.4288582466870552e-12	1.154735727377263e-14	5.489882342455611e-17	2.61001780922288e-19	True	True	True	True	True	True
indel_spectrum	spectrum=deletion-heavy	0.26763942229826154	0.0034893637026778765	0.9976260132952021	0.95	0.0034893632959552908	1.2175656211159968e-05	4.248528788739169e-08	1.4824660417235844e-10	5.172862593490399e-13	1.8049996868745497e-15	2	3	0.0007062442899941847	0.0034893632959552908	1.2175656211159971e-05	4.248528788739169e-08	1.4824660417235844e-10	5.172862593490399e-13	1.8049996868745497e-15	6.298299656590848e-18	2.1977055648635917e-20	True	True	True	True	True	True
indel_spectrum	spectrum=insertion-heavy	0.11472523930301826	0.0029034651529956175	0.9999931926388814	1.0	0.0029034650881819978	8.430109518291697e-06	2.4476528675910663e-08	7.106674649039212e-11	2.0633981736553402e-13	5.991004560226772e-16	2	3	0.0005848866010487251	0.0029034650881819978	8.43010951829169e-06	2.4476528675910663e-08	7.106674649039212e-11	2.0633981736553402e-13	5.991004560226772e-16	1.739467258375756e-18	5.050482456729661e-21	True	True	True	True	True	True
indel_spectrum	spectrum=short-indels	0.13970257545372317	0.005640139786468332	0.954337665438471	0.7	0.005640139785436828	3.1811176799267295e-05	1.794194838871128e-07	1.011950969354246e-09	5.707544923166247e-12	3.21913511983179e-14	2	3	0.0011611901685924496	0.005640139785436828	3.181117679926737e-05	1.794194838871128e-07	1.011950969354246e-09	5.707544923166247e-12	3.21913511983179e-14	1.8156372064060232e-16	1.0240447643769985e-18	True	True	True	True	False	False
indel_spectrum	spectrum=uniform-1to20	0.30000000000000004	0.002631580078125001	0.954337665438471	0.7	0.0026315789062500003	6.925207539819939e-06	1.8224230083193626e-08	4.795849946957907e-11	1.26206575579546e-13	3.3212256212517974e-16	2	3	0.0005289862971391645	0.0026315789062500003	6.925207539819946e-06	1.8224230083193626e-08	4.795849946957907e-11	1.26206575579546e-13	3.3212256212517974e-16	8.740067287783285e-19	2.3000176713736142e-21	True	True	True	True	False	False
indel_spectrum	spectrum=neuronal_nhej	0.09034091944388768	0.0018237720172596338	0.9999955853609123	1.0	0.00182377194896739	3.3261441218403144e-06	6.066128347635142e-09	1.1063234719252874e-11	2.0176817145815528e-14	3.679791312998264e-17	2	3	0.00036418944206119885	0.00182377194896739	3.3261441218403144e-06	6.066128347635142e-09	1.1063234719252874e-11	2.0176817145815528e-14	3.679791312998264e-17	6.711100174700117e-20	1.2239516245328226e-22	True	True	True	True	True	True
inframe_fraction	inframe_fraction=0.1	0.10000000000000002	0.0023942184215831564	0.999999494504463	1.0	0.002394218360970656	5.732281560009019e-06	1.3724333761227108e-08	3.285905188321941e-11	7.867174534289134e-14	1.883573371895583e-16	2	3	0.0004803221441214622	0.002394218360970656	5.732281560009015e-06	1.3724333761227108e-08	3.285905188321941e-11	7.867174534289134e-14	1.883573371895583e-16	4.509685951227816e-19	1.0797172906641056e-21	True	True	True	True	True	True
inframe_fraction	inframe_fraction=0.2	0.2	0.004788436843166312	1.0	1.0	0.0047884367219413115	2.292912624003607e-05	1.0979467008981676e-07	5.257448301315102e-10	2.517495850972521e-12	1.2054869580131715e-14	2	3	0.000979246239765259	0.0047884367219413115	2.292912624003606e-05	1.0979467008981676e-07	5.257448301315102e-10	2.517495850972521e-12	1.2054869580131715e-14	5.772398017571596e-17	2.764076264100105e-19	True	True	True	True	True	True
inframe_fraction	inframe_fraction=0.25	0.25000000000000006	0.005985546053957892	0.9999881376723001	1.0	0.0059855459024266405	3.582675975005635e-05	2.1444271501917347e-07	1.2835567141882577e-09	7.68278763114173e-12	4.5985678024794444e-14	2	3	0.0012356627841399587	0.0059855459024266405	3.582675975005635e-05	2.1444271501917347e-07	1.2835567141882577e-09	7.68278763114173e-12	4.5985678024794444e-14	2.7524938667161923e-16	1.6475178385377562e-18	True	True	True	True	True	True
inframe_fraction	inframe_fraction=0.33	0.3300000000000001	0.00790092079122442	0.9999866885329919	1.0	0.007900920591203172	6.242454618849824e-05	4.932113823772189e-07	3.896823966839947e-09	3.078849671989975e-11	2.4325746770644725e-13	2	3	0.001655545733153339	0.007900920591203172	6.242454618849824e-05	4.932113823772189e-07	3.896823966839947e-09	3.078849671989975e-11	2.4325746770644725e-13	1.9219579355658095e-15	1.518523702853824e-17	True	True	True	True	True	True
inframe_fraction	inframe_fraction=0.5	0.5000000000000001	0.011971092107915785	0.9999881376723001	1.0	0.011971091804853281	0.0001433070390002254	1.7155417201533878e-06	2.0536907427012123e-08	2.4584920419653534e-10	2.9430833935868444e-12	2	4	0.002586950707252045	0.011971091804853281	0.0001433070390002254	1.7155417201533878e-06	2.0536907427012123e-08	2.4584920419653534e-10	2.9430833935868444e-12	3.523192149396726e-14	4.217645666656656e-16	True	True	True	True	True	True
repeat_model	repeat_model=redundant	0.19857139042438315	0.004754232809534393	1.0	1.0	0.00475423268917531	2.260272846282309e-05	1.074586305225068e-07	5.108833339641135e-10	2.4288582466870552e-12	1.154735727377263e-14	2	3	0.0009719879026815389	0.00475423268917531	2.2602728462823098e-05	1.074586305225068e-07	5.108833339641135e-10	2.4288582466870552e-12	1.154735727377263e-14	5.489882342455611e-17	2.61001780922288e-19	True	True	True	True	True	True
repeat_model	repeat_model=single	0.19857139042438315	0.004754232692238931	0.9209322441734723	0.9	0.00475423268917531	2.260272846282309e-05	1.0745863052250799e-07	5.10883333964119e-10	2.4288582466870815e-12	1.1547357273772752e-14	2	3	0.0008499971265478841	0.00475423268917531	2.2602728462823098e-05	1.074586305225068e-07	5.108833339641135e-10	2.4288582466870552e-12	1.154735727377263e-14	5.489882342455611e-17	2.61001780922288e-19	True	True	False	False	False	False
repeat_model	repeat_model=all-copies	0.19857139042438315	0.004754232689251021	0.5249986814997042	0.0	2.260272846282358e-05	5.108833339803956e-10	1.1547357274508436e-14	5.489882342805433e-17	2.610017809389193e-19	1.2408631988727835e-21	1	2	0.000728006350414228	0.00475423268917531	2.2602728462823098e-05	1.074586305225068e-07	5.108833339641135e-10	2.4288582466870552e-12	1.154735727377263e-14	5.489882342455611e-17	2.61001780922288e-19	False	False	False	False	False	False
frameshift_viability_RL2	RL2_frameshift_viability=0	0.19857139042438315	0.004754232809534393	1.0	1.0	0.00475423268917531	2.260272846282309e-05	1.074586305225068e-07	5.108833339641135e-10	2.4288582466870552e-12	1.154735727377263e-14	2	3	0.0009719879026815389	0.00475423268917531	2.2602728462823098e-05	1.074586305225068e-07	5.108833339641135e-10	2.4288582466870552e-12	1.154735727377263e-14	5.489882342455611e-17	2.61001780922288e-19	True	True	True	True	True	True
frameshift_viability_RL2	RL2_frameshift_viability=0.05	0.19857139042438315	0.004754232809534393	0.9917043485411065	1.0	0.00475423268917531	2.260272846282309e-05	1.074586305225068e-07	5.108833339641135e-10	2.4288582466870552e-12	1.154735727377263e-14	2	3	0.0029869160177169287	0.00475423268917531	2.2602728462823098e-05	1.074586305225068e-07	5.108833339641135e-10	2.4288582466870552e-12	1.154735727377263e-14	5.489882342455611e-17	2.61001780922288e-19	True	True	True	True	True	True
frameshift_viability_RL2	RL2_frameshift_viability=0.25	0.19857139042438315	0.004754232809534393	0.9917043485411065	1.0	0.00475423268917531	2.260272846282309e-05	1.074586305225068e-07	5.108833339641135e-10	2.4288582466870552e-12	1.154735727377263e-14	2	3	0.0102186933110564	0.00475423268917531	2.2602728462823098e-05	1.074586305225068e-07	5.108833339641135e-10	2.4288582466870552e-12	1.154735727377263e-14	5.489882342455611e-17	2.61001780922288e-19	True	True	True	True	True	True
frameshift_viability_RL2	RL2_frameshift_viability=1	0.19857139042438315	0.004754232809534393	0.9917038388521529	1.0	0.00475423268917531	2.260272846282309e-05	1.074586305225068e-07	5.108833339641135e-10	2.4288582466870552e-12	1.154735727377263e-14	2	3	0.025539782034149562	0.00475423268917531	2.2602728462823098e-05	1.074586305225068e-07	5.108833339641135e-10	2.4288582466870552e-12	1.154735727377263e-14	5.489882342455611e-17	2.61001780922288e-19	True	True	True	True	True	True
p_disrupt	p_disrupt=0.8	0.19857139042438315	0.0038033862476275146	0.999999494504463	1.0	0.0038033861513402487	1.4465746216206785e-05	5.50188188275235e-08	2.0925781359170094e-10	7.958882702744148e-13	3.0270704251758525e-15	2	3	0.0007717265370380856	0.0038033861513402487	1.4465746216206791e-05	5.50188188275235e-08	2.0925781359170094e-10	7.958882702744148e-13	3.0270704251758525e-15	1.1513117734245475e-17	4.378883254917908e-20	True	True	True	True	True	True
p_disrupt	p_disrupt=0.9	0.19857139042438315	0.004278809528580954	0.999983554414131	1.0	0.00427880942025778	1.830821005488675e-05	7.833734165090749e-08	3.35190555413855e-10	1.4342165060862402e-12	6.136739096931004e-15	2	3	0.0008714915313753754	0.00427880942025778	1.8308210054886714e-05	7.833734165090749e-08	3.35190555413855e-10	1.4342165060862402e-12	6.136739096931004e-15	2.6257937057612593e-17	1.1235270843864864e-19	True	True	True	True	True	True
p_disrupt	p_disrupt=1	0.19857139042438315	0.004754232809534393	1.0	1.0	0.00475423268917531	2.260272846282309e-05	1.074586305225068e-07	5.108833339641135e-10	2.4288582466870552e-12	1.154735727377263e-14	2	3	0.0009719879026815389	0.00475423268917531	2.2602728462823098e-05	1.074586305225068e-07	5.108833339641135e-10	2.4288582466870552e-12	1.154735727377263e-14	5.489882342455611e-17	2.61001780922288e-19	True	True	True	True	True	True
